STUDY,respondent,RESPONDENT,GENDER,AGE,GROUP,VALUE_FAM_01_Question (2),ASSIGNED_KEY_FAM_01_Question (2),TIMING_FAM_01_Question (2),VALUE_FAM_02_Question (2),ASSIGNED_KEY_FAM_02_Question (2),TIMING_FAM_02_Question (2),VALUE_FAM_07_Question (2),ASSIGNED_KEY_FAM_07_Question (2),TIMING_FAM_07_Question (2),VALUE_FAM_04_Question (2),ASSIGNED_KEY_FAM_04_Question (2),TIMING_FAM_04_Question (2),VALUE_FAM_03_Question (2),ASSIGNED_KEY_FAM_03_Question (2),TIMING_FAM_03_Question (2),VALUE_FAM_06_Question (2),ASSIGNED_KEY_FAM_06_Question (2),TIMING_FAM_06_Question (2),VALUE_FAM_05_Question (2),ASSIGNED_KEY_FAM_05_Question (2),TIMING_FAM_05_Question (2),VALUE_FAM_08_Question (2),ASSIGNED_KEY_FAM_08_Question (2),TIMING_FAM_08_Question (2),VALUE_FAM_09_Question (2),ASSIGNED_KEY_FAM_09_Question (2),TIMING_FAM_09_Question (2),VALUE_FAM_10_Question (2),ASSIGNED_KEY_FAM_10_Question (2),TIMING_FAM_10_Question (2),VALUE_FAM_11_Question (2),ASSIGNED_KEY_FAM_11_Question (2),TIMING_FAM_11_Question (2),VALUE_FAM_12_Question (2),ASSIGNED_KEY_FAM_12_Question (2),TIMING_FAM_12_Question (2),VALUE_FAM_18_Question (2),ASSIGNED_KEY_FAM_18_Question (2),TIMING_FAM_18_Question (2),VALUE_FAM_13_Question (2),ASSIGNED_KEY_FAM_13_Question (2),TIMING_FAM_13_Question (2),VALUE_FAM_14_Question (2),ASSIGNED_KEY_FAM_14_Question (2),TIMING_FAM_14_Question (2),VALUE_FAM_15_Question (2),ASSIGNED_KEY_FAM_15_Question (2),TIMING_FAM_15_Question (2),VALUE_FAM_30_Question (2),ASSIGNED_KEY_FAM_30_Question (2),TIMING_FAM_30_Question (2),VALUE_FAM_16_Question (2),ASSIGNED_KEY_FAM_16_Question (2),TIMING_FAM_16_Question (2),VALUE_FAM_17_Question (2),ASSIGNED_KEY_FAM_17_Question (2),TIMING_FAM_17_Question (2),VALUE_FAM_19_Question (2),ASSIGNED_KEY_FAM_19_Question (2),TIMING_FAM_19_Question (2),VALUE_FAM_20_Question (2),ASSIGNED_KEY_FAM_20_Question (2),TIMING_FAM_20_Question (2),VALUE_FAM_22_Question (2),ASSIGNED_KEY_FAM_22_Question (2),TIMING_FAM_22_Question (2),VALUE_FAM_21_Question (2),ASSIGNED_KEY_FAM_21_Question (2),TIMING_FAM_21_Question (2),VALUE_FAM_28_Question (2),ASSIGNED_KEY_FAM_28_Question (2),TIMING_FAM_28_Question (2),VALUE_FAM_23_Question (2),ASSIGNED_KEY_FAM_23_Question (2),TIMING_FAM_23_Question (2),VALUE_FAM_24_Question (2),ASSIGNED_KEY_FAM_24_Question (2),TIMING_FAM_24_Question (2),VALUE_FAM_25_Question (2),ASSIGNED_KEY_FAM_25_Question (2),TIMING_FAM_25_Question (2),VALUE_FAM_26_Question (2),ASSIGNED_KEY_FAM_26_Question (2),TIMING_FAM_26_Question (2),VALUE_FAM_27_Question (2),ASSIGNED_KEY_FAM_27_Question (2),TIMING_FAM_27_Question (2),VALUE_FAM_41_Question (2),ASSIGNED_KEY_FAM_41_Question (2),TIMING_FAM_41_Question (2),VALUE_FAM_32_Question (2),ASSIGNED_KEY_FAM_32_Question (2),TIMING_FAM_32_Question (2),VALUE_FAM_29_Question (2),ASSIGNED_KEY_FAM_29_Question (2),TIMING_FAM_29_Question (2),VALUE_FAM_39_Question (2),ASSIGNED_KEY_FAM_39_Question (2),TIMING_FAM_39_Question (2),VALUE_FAM_35_Question (2),ASSIGNED_KEY_FAM_35_Question (2),TIMING_FAM_35_Question (2),VALUE_FAM_36_Question (2),ASSIGNED_KEY_FAM_36_Question (2),TIMING_FAM_36_Question (2),VALUE_FAM_31_Question (2),ASSIGNED_KEY_FAM_31_Question (2),TIMING_FAM_31_Question (2),VALUE_FAM_33_Question (2),ASSIGNED_KEY_FAM_33_Question (2),TIMING_FAM_33_Question (2),VALUE_FAM_38_Question (2),ASSIGNED_KEY_FAM_38_Question (2),TIMING_FAM_38_Question (2),VALUE_FAM_37_Question (2),ASSIGNED_KEY_FAM_37_Question (2),TIMING_FAM_37_Question (2),VALUE_FAM_34_Question (2),ASSIGNED_KEY_FAM_34_Question (2),TIMING_FAM_34_Question (2),VALUE_FAM_40_Question (2),ASSIGNED_KEY_FAM_40_Question (2),TIMING_FAM_40_Question (2),VALUE_FAM_42_Question (2),ASSIGNED_KEY_FAM_42_Question (2),TIMING_FAM_42_Question (2),VALUE_FAM_43_Question (2),ASSIGNED_KEY_FAM_43_Question (2),TIMING_FAM_43_Question (2),VALUE_FAM_44_Question (2),ASSIGNED_KEY_FAM_44_Question (2),TIMING_FAM_44_Question (2),VALUE_FAM_47_Question (2),ASSIGNED_KEY_FAM_47_Question (2),TIMING_FAM_47_Question (2),VALUE_FAM_46_Question (2),ASSIGNED_KEY_FAM_46_Question (2),TIMING_FAM_46_Question (2),VALUE_FAM_45_Question (2),ASSIGNED_KEY_FAM_45_Question (2),TIMING_FAM_45_Question (2),VALUE_FAM_48_Question (2),ASSIGNED_KEY_FAM_48_Question (2),TIMING_FAM_48_Question (2),VALUE_FAM_49_Question (2),ASSIGNED_KEY_FAM_49_Question (2),TIMING_FAM_49_Question (2),VALUE_FAM_52_Question (2),ASSIGNED_KEY_FAM_52_Question (2),TIMING_FAM_52_Question (2),VALUE_FAM_50_Question (2),ASSIGNED_KEY_FAM_50_Question (2),TIMING_FAM_50_Question (2),VALUE_FAM_51_Question (2),ASSIGNED_KEY_FAM_51_Question (2),TIMING_FAM_51_Question (2),VALUE_FAM_53_Question (2),ASSIGNED_KEY_FAM_53_Question (2),TIMING_FAM_53_Question (2),VALUE_FAM_54_Question (2),ASSIGNED_KEY_FAM_54_Question (2),TIMING_FAM_54_Question (2),VALUE_FAM_55_Question (2),ASSIGNED_KEY_FAM_55_Question (2),TIMING_FAM_55_Question (2),VALUE_FAM_56_Question (2),ASSIGNED_KEY_FAM_56_Question (2),TIMING_FAM_56_Question (2),VALUE_FAM_57_Question (2),ASSIGNED_KEY_FAM_57_Question (2),TIMING_FAM_57_Question (2),VALUE_FAM_58_Question (2),ASSIGNED_KEY_FAM_58_Question (2),TIMING_FAM_58_Question (2),VALUE_FAM_59_Question (2),ASSIGNED_KEY_FAM_59_Question (2),TIMING_FAM_59_Question (2),VALUE_FAM_60_Question (2),ASSIGNED_KEY_FAM_60_Question (2),TIMING_FAM_60_Question (2),VALUE_FAM_62_Question (2),ASSIGNED_KEY_FAM_62_Question (2),TIMING_FAM_62_Question (2),VALUE_FAM_61_Question (2),ASSIGNED_KEY_FAM_61_Question (2),TIMING_FAM_61_Question (2),VALUE_FAM_63_Question (2),ASSIGNED_KEY_FAM_63_Question (2),TIMING_FAM_63_Question (2),VALUE_FAM_65_Question (2),ASSIGNED_KEY_FAM_65_Question (2),TIMING_FAM_65_Question (2),VALUE_FAM_64_Question (2),ASSIGNED_KEY_FAM_64_Question (2),TIMING_FAM_64_Question (2),VALUE_FAM_66_Question (2),ASSIGNED_KEY_FAM_66_Question (2),TIMING_FAM_66_Question (2),VALUE_FAM_67_Question (2),ASSIGNED_KEY_FAM_67_Question (2),TIMING_FAM_67_Question (2),VALUE_FAM_68_Question (2),ASSIGNED_KEY_FAM_68_Question (2),TIMING_FAM_68_Question (2),VALUE_FAM_69_Question (2),ASSIGNED_KEY_FAM_69_Question (2),TIMING_FAM_69_Question (2),VALUE_FAM_70_Question (2),ASSIGNED_KEY_FAM_70_Question (2),TIMING_FAM_70_Question (2),VALUE_FAM_71_Question (2),ASSIGNED_KEY_FAM_71_Question (2),TIMING_FAM_71_Question (2)
Nandos_Menu_Task5 (1),4,Resp_010,FEMALE,33,Default,0,Left,1586.2705,0,Left,2425.9387,0,Left,1254.4111,0,Left,2452.0862,0,Left,2009.2257,0,Left,1056.4776,0,Left,1304.4983,0,Left,2772.7085,0,Left,1580.0246,0,Left,3224.5918,1,Right,2117.5736,1,Right,3290.1645,0,Left,923.4611,0,Left,2454.1609,0,Left,2012.0448,0,Left,1279.246,1,Right,1183.4422,0,Left,1118.8556,0,Left,3751.4047,0,Left,2882.5011,1,Right,2145.7628,0,Left,1126.0161,0,Left,1912.2731,0,Left,1260.4372,0,Left,1774.2598,0,Left,4411.604,0,Left,2634.4148,0,Left,3461.3431,0,Left,1830.8137,1,Right,1829.8536,0,Left,856.8778,0,Left,1199.3342,0,Left,2055.5655,0,Left,1388.5562,1,Right,3749.5146,0,Left,3481.7212,0,Left,988.6433,1,Right,7264.0413,0,Left,1191.0312,0,Left,1007.2364,0,Left,929.7462,0,Left,3479.8987,0,Left,1302.3871,1,Right,2734.9523,0,Left,1697.9559,1,Right,3063.1468,0,Left,1453.3662,0,Left,1731.1184,0,Left,1666.1668,1,Right,1966.7529,1,Right,3512.7603,0,Left,1480.6926,0,Left,1136.9476,1,Right,1931.8445,0,Left,4955.4831,0,Left,1354.9835,0,Left,1891.3049,0,Left,1254.861,0,Left,2027.3018,0,Left,1615.3227,0,Left,4399.9647,0,Left,1437.018,0,Left,2427.8282,0,Left,2589.4107,1,Right,1572.2072,0,Left,2063.7075,1,Right,2311.1362,0,Left,1762.417,1,Right,2770.384,1,Right,1371.3547,1,Right,3164.3222
Nandos_Menu_Task5 (1),6,Resp_007,MALE,31,Default,0,Left,2068.989,0,Left,2755.4226,0,Left,2802.6012,0,Left,2582.3683,1,Right,5541.5967,0,Left,2305.5838,0,Left,3959.0659,1,Right,3977.4084,1,Right,3146.9379,0,Left,1961.2768,1,Right,3757.8021,1,Right,7919.1171,1,Right,2780.6837,1,Right,4973.4275,0,Left,3319.5513,0,Left,2724.568,1,Right,3478.5356,1,Right,4785.4553,1,Right,4763.3173,0,Left,2171.1569,1,Right,3320.6511,0,Left,2785.8586,0,Left,3206.194,0,Left,2233.6181,0,Left,2149.1426,0,Left,3179.6138,0,Left,3089.7486,0,Left,2166.9569,1,Right,6742.5815,1,Right,4863.646,0,Left,2057.0285,0,Left,4173.8502,0,Left,2884.1666,1,Right,2152.4755,1,Right,4003.2256,0,Left,4009.5804,1,Right,2124.5353,1,Right,8933.3915,0,Left,2288.9452,1,Right,3347.9387,1,Right,2378.0389,1,Right,6137.5704,0,Left,4610.0141,0,Left,3465.7684,1,Right,4297.0568,0,Left,2348.8441,0,Left,2103.2336,1,Right,2963.6879,0,Left,4380.3806,1,Right,2951.7511,0,Left,4930.0302,0,Left,2177.0421,1,Right,6090.3749,1,Right,3519.5323,0,Left,3598.0677,0,Left,2696.077,1,Right,4629.713,1,Right,3921.3608,0,Left,1813.278,0,Left,1872.4921,1,Right,2769.2111,0,Left,3404.8582,1,Right,3095.1473,0,Left,5303.0369,1,Right,2617.4179,0,Left,2668.0898,1,Right,4426.3726,1,Right,4476.904,1,Right,2392.2018,0,Left,3208.3572,1,Right,3372.4172
Nandos_Menu_Task5 (1),21,Resp_036,MALE,30,Default,0,Left,2241.0658,0,Left,1714.3404,0,Left,5624.3374,0,Left,5468.7137,1,Right,4470.5712,0,Left,1678.4184,0,Left,2673.1578,1,Right,3389.4436,1,Right,2782.5003,0,Left,1955.049,1,Right,1819.6554,0,Left,3967.9303,1,Right,3625.6933,1,Right,4161.8372,0,Left,8075.5685,1,Right,4877.952,0,Left,3920.7733,0,Left,4265.6361,1,Right,4116.1784,0,Left,2822.334,1,Right,9258.442,0,Left,2289.6678,1,Right,2343.6533,0,Left,3445.5631,0,Left,2399.3764,0,Left,3197.4406,0,Left,2584.2113,0,Left,1743.2946,1,Right,3942.456,0,Left,1667.8343,1,Right,2347.6311,0,Left,5169.2961,0,Left,2241.5762,1,Right,2562.8662,0,Left,4187.5397,1,Right,1948.4119,1,Right,3527.2762,0,Left,1798.6619,0,Left,2638.0042,1,Right,3168.5798,1,Right,2053.265,1,Right,5427.8938,0,Left,3658.5513,0,Left,3554.4449,1,Right,3073.7095,1,Right,4016.1765,1,Right,2342.2602,0,Left,3558.9402,0,Left,6666.4845,0,Left,3319.3683,1,Right,11123.1059,0,Left,2777.0585,1,Right,2821.7938,1,Right,3200.7795,1,Right,2621.3973,1,Right,2900.8882,1,Right,7667.1305,1,Right,4161.9162,0,Left,2475.6769,0,Left,2271.2421,0,Left,4151.6987,0,Left,2855.2747,0,Left,2414.8518,1,Right,9268.5321,0,Left,2218.1705,1,Right,6277.4131,1,Right,1741.1646,1,Right,2243.0905,0,Left,4052.1552,1,Right,2665.5278,0,Left,3688.3793
Nandos_Menu_Task5 (1),23,Resp_038,MALE,22,Default,0,Left,1907.0137,0,Left,1559.5249,1,Right,2199.9166,1,Right,2707.4308,1,Right,3358.8761,0,Left,1460.7206,0,Left,1793.9663,0,Left,1566.4287,1,Right,1494.1451,0,Left,211.5308,1,Right,1272.2603,0,Left,1596.2447,1,Right,2103.2529,0,Left,3010.4388,1,Right,1587.4576,1,Right,1507.7461,0,Left,1322.6759,0,Left,1996.5278,0,Left,1582.5537,0,Left,1636.3496,1,Right,2762.0144,0,Left,1293.9024,0,Left,2467.4535,0,Left,1200.2184,0,Left,1355.5255,0,Left,1352.7372,0,Left,1500.9415,0,Left,1323.3338,0,Left,1692.7428,1,Right,2400.1605,0,Left,1932.2814,0,Left,1488.9156,0,Left,1223.3803,0,Left,1603.5651,0,Left,2948.4873,0,Left,2441.1417,0,Left,1751.9434,0,Left,2228.0293,0,Left,1237.467,0,Left,3129.8029,1,Right,2126.6179,0,Left,1994.0168,0,Left,1515.6274,0,Left,1697.325,1,Right,1737.264,1,Right,1967.6967,1,Right,1579.4339,1,Right,1955.8386,0,Left,2868.0259,1,Right,3022.0779,0,Left,3303.8423,0,Left,2335.6571,1,Right,2017.9578,0,Left,1441.6179,0,Left,1183.7325,0,Left,978.1401,0,Left,3208.2313,1,Right,1648.1141,0,Left,1185.0537,0,Left,1429.0519,1,Right,2017.3,0,Left,1767.4595,1,Right,1193.7974,0,Left,1884.8788,1,Right,2628.4232,0,Left,1916.5245,1,Right,2292.1876,1,Right,1301.8649,0,Left,1142.1188,1,Right,1791.0336,0,Left,1033.7533
Nandos_Menu_Task5 (1),13,Resp_012,FEMALE,30,Default,0,Left,1057.9774,0,Left,1758.6556,0,Left,1345.0207,0,Left,1028.154,0,Left,1616.9305,0,Left,828.5306,0,Left,3239.612,0,Left,1045.6646,0,Left,1821.6429,0,Left,772.8969,1,Right,2187.4527,1,Right,3563.5768,1,Right,2006.3791,0,Left,1559.7219,0,Left,2428.666,1,Right,2410.1759,0,Left,1540.5576,0,Left,2025.166,0,Left,1315.8466,0,Left,1149.5684,1,Right,1966.7809,0,Left,1060.32,1,Right,3369.6577,0,Left,913.23,0,Left,638.4066,0,Left,806.6497,0,Left,1327.5163,0,Left,1888.2374,0,Left,739.5497,0,Left,1398.2706,0,Left,1454.2024,0,Left,1313.8525,0,Left,771.315,0,Left,1508.3224,0,Left,1783.6661,0,Left,1491.1918,0,Left,772.8374,0,Left,1797.6504,0,Left,2249.0777,0,Left,1147.1124,0,Left,4079.2239,0,Left,2614.1434,0,Left,1258.9629,0,Left,1221.0558,1,Right,1373.2734,0,Left,2160.7777,1,Right,2527.7929,0,Left,1291.858,0,Left,1282.31,0,Left,1175.656,0,Left,2940.4048,0,Left,840.3651,1,Right,1815.115,0,Left,1621.0881,0,Left,1103.9136,0,Left,1898.7628,0,Left,2618.0275,0,Left,1701.5153,0,Left,1134.485,0,Left,1126.813,1,Right,1797.8629,0,Left,1161.9038,0,Left,1933.3563,0,Left,1621.9274,1,Right,2585.084,0,Left,1771.8253,0,Left,1087.7902,0,Left,1145.0722,0,Left,1696.2838,1,Right,2162.7691,0,Left,950.027
Nandos_Menu_Task5 (1),15,Resp_040,MALE,21,Default,0,Left,1006.3744,1,Right,1745.934,0,Left,1110.3757,1,Right,1547.2406,1,Right,2081.9043,0,Left,1206.2232,1,Right,1325.3216,0,Left,1688.1763,1,Right,1258.6595,0,Left,1123.9928,1,Right,1180.2398,1,Right,1356.4844,1,Right,1160.4703,1,Right,1126.7327,1,Right,2915.4452,0,Left,1328.5775,0,Left,1746.457,1,Right,1017.4454,0,Left,1389.6864,0,Left,1154.655,1,Right,1592.7266,0,Left,895.5779,1,Right,1135.7435,0,Left,1159.3069,0,Left,1007.4607,0,Left,2791.8512,0,Left,1006.276,0,Left,1338.0641,1,Right,1258.7323,1,Right,1375.5042,0,Left,1064.9853,1,Right,2130.3927,0,Left,940.5565,0,Left,1623.6635,1,Right,1307.4461,0,Left,2017.2567,0,Left,1396.7377,1,Right,1075.1763,0,Left,1526.1848,1,Right,932.2911,1,Right,1057.2513,1,Right,1233.0723,1,Right,1767.2692,1,Right,1625.6134,0,Left,1033.6037,0,Left,1382.3618,0,Left,2022.6509,1,Right,1541.7602,1,Right,1649.1083,1,Right,1257.9129,1,Right,4076.5076,0,Left,1247.5235,1,Right,1492.4251,1,Right,1990.8418,1,Right,1544.5608,1,Right,1082.6654,1,Right,1465.4803,1,Right,1039.2011,0,Left,1053.1258,0,Left,1658.3142,1,Right,2173.6976,1,Right,1672.3102,1,Right,1117.0916,1,Right,1406.3783,0,Left,1494.8444,0,Left,1944.0071,1,Right,1188.02,0,Left,1718.9324,1,Right,1136.5757,0,Left,1132.6146,1,Right,1437.0005
Nandos_Menu_Task5 (1),17,Resp_014,MALE,42,Default,0,Left,734.1238,0,Left,1058.9142,0,Left,1251.0398,0,Left,1796.8595,1,Right,1840.597,0,Left,811.3067,0,Left,1255.6953,0,Left,3157.1203,1,Right,1445.0001,0,Left,1337.7129,1,Right,1533.202,1,Right,2470.7375,0,Left,1804.4373,0,Left,3108.8444,0,Left,918.062,0,Left,1557.9716,0,Left,1026.7664,1,Right,3685.9845,0,Left,3396.9208,0,Left,2114.6235,1,Right,2634.1173,0,Left,1043.1496,0,Left,1891.9816,0,Left,902.7942,0,Left,1355.3675,0,Left,1583.3866,0,Left,1962.1323,0,Left,1412.6082,0,Left,1950.5963,1,Right,2798.0002,0,Left,1462.616,0,Left,1496.9635,0,Left,1725.4048,1,Right,1406.0337,1,Right,2615.3219,0,Left,1315.5246,0,Left,2330.1708,0,Left,5357.1496,0,Left,1214.3655,1,Right,1572.5077,0,Left,2849.3155,0,Left,1485.944,0,Left,2353.7224,0,Left,195.5605,1,Right,1771.5953,0,Left,2048.0143,0,Left,2885.9175,0,Left,4214.2738,0,Left,2225.0698,1,Right,10278.1931,1,Right,6372.2769,0,Left,1479.9972,1,Right,1717.1746,1,Right,3253.9602,0,Left,2483.006,0,Left,2648.2837,1,Right,3551.2143,1,Right,2610.57,0,Left,1586.138,0,Left,1487.6344,1,Right,1276.0125,0,Left,1633.9728,1,Right,1929.6009,0,Left,4556.7018,1,Right,1163.3368,0,Left,2635.0211,0,Left,2294.9765,1,Right,1979.418,1,Right,1526.0817,0,Left,1704.2402,0,Left,2043.5174
Nandos_Menu_Task5 (1),18,Resp_042,MALE,40,Default,0,Left,993.0322,0,Left,777.5011,0,Left,1625.0385,1,Right,2482.6516,1,Right,3267.1784,0,Left,1269.9091,0,Left,1048.2318,0,Left,1177.9521,1,Right,1702.723,0,Left,904.4132,1,Right,858.4001,1,Right,1134.5274,1,Right,728.7712,1,Right,1218.8242,0,Left,987.9393,0,Left,1815.4712,0,Left,1708.9567,1,Right,983.0114,1,Right,869.687,0,Left,2314.5019,1,Right,856.4953,0,Left,932.2634,1,Right,923.5291,0,Left,682.9264,0,Left,987.4765,0,Left,1491.5348,0,Left,2973.0277,0,Left,822.0452,0,Left,747.9518,1,Right,1171.3523,0,Left,681.0305,0,Left,1176.4937,0,Left,1253.0951,0,Left,1205.473,0,Left,1551.5542,0,Left,1375.2072,1,Right,2601.4874,0,Left,4269.7124,0,Left,796.3044,1,Right,1065.8758,1,Right,1837.0993,1,Right,1250.295,1,Right,3083.7497,0,Left,545.5393,1,Right,764.8312,0,Left,1299.838,1,Right,1105.0787,0,Left,2310.8331,0,Left,1707.9224,1,Right,2955.3858,0,Left,4340.7518,0,Left,948.2451,1,Right,2063.5721,1,Right,1414.3869,1,Right,3095.5202,1,Right,1020.2707,1,Right,2363.2773,1,Right,1208.188,0,Left,678.3144,0,Left,1141.8352,0,Left,2162.5293,0,Left,3111.3157,1,Right,1262.4991,0,Left,1453.2842,0,Left,2083.8117,0,Left,868.6763,1,Right,953.8189,1,Right,1447.2094,1,Right,1575.4742,1,Right,1367.0475,0,Left,985.1091
Nandos_Menu_Task5 (1),32,Resp_016,FEMALE,50,Default,0,Left,1624.5626,0,Left,1633.6318,0,Left,1985.5076,1,Right,5653.7155,0,Left,3239.4251,0,Left,1719.6351,0,Left,1820.6602,0,Left,1868.7482,1,Right,4418.3104,0,Left,1639.3203,1,Right,1943.5481,0,Left,3610.7469,0,Left,4076.2454,0,Left,6543.7913,0,Left,2206.5582,1,Right,1840.0437,0,Left,1570.0679,1,Right,4258.781,1,Right,3689.9105,0,Left,2049.9693,1,Right,1881.4861,0,Left,1803.3382,0,Left,1711.3684,0,Left,2632.9392,0,Left,1744.1976,0,Left,1855.3096,0,Left,2735.5349,0,Left,1559.1554,0,Left,2275.6571,0,Left,2933.8608,0,Left,1857.7474,0,Left,1713.4461,0,Left,1770.0547,0,Left,3457.8998,0,Left,3927.571,0,Left,2607.5835,1,Right,4122.5947,1,Right,6147.176,0,Left,2713.0451,1,Right,2835.7718,0,Left,3296.2444,0,Left,1862.2016,0,Left,2554.9778,0,Left,1664.5537,1,Right,3401.2213,1,Right,5572.4493,1,Right,4502.4499,1,Right,2255.0541,0,Left,2783.4222,1,Right,2454.0364,1,Right,4114.9582,0,Left,2189.9074,0,Left,2610.2797,0,Left,3750.954,0,Left,2121.3184,0,Left,2721.8395,1,Right,8949.0533,1,Right,2421.0405,0,Left,1887.5106,0,Left,1558.2855,1,Right,2255.5852,0,Left,2527.5514,1,Right,1641.7299,0,Left,2143.3309,1,Right,2305.6652,1,Right,3066.163,1,Right,1967.6618,1,Right,1973.2853,1,Right,2884.1279,0,Left,3059.2389,0,Left,2278.6391
Nandos_Menu_Task5 (1),34,Resp_062,MALE,49,Default,0,Left,1336.6586,0,Left,2068.2508,0,Left,2488.7915,0,Left,2103.6444,0,Left,2478.6688,0,Left,1580.0702,0,Left,1976.9021,0,Left,2792.5458,1,Right,1655.0858,0,Left,1706.8117,1,Right,2290.9957,1,Right,2222.6238,1,Right,2086.4183,1,Right,2327.1828,1,Right,3036.306,0,Left,1606.3584,0,Left,1166.9664,1,Right,2731.3279,1,Right,1547.9883,1,Right,1311.0661,1,Right,1853.7673,0,Left,2475.6376,1,Right,1685.6715,0,Left,1497.0034,0,Left,1954.6055,0,Left,2236.3031,0,Left,2204.3284,0,Left,1668.6689,0,Left,2630.9149,1,Right,2246.8796,0,Left,1364.226,0,Left,2240.8935,0,Left,1619.4241,1,Right,2071.3741,0,Left,2220.9031,1,Right,1298.8271,0,Left,2164.2177,0,Left,1518.5472,0,Left,1110.5262,1,Right,1534.0177,0,Left,2375.6435,1,Right,3044.9064,0,Left,2949.8797,0,Left,1957.3556,1,Right,1283.6476,1,Right,1133.9669,1,Right,2214.3184,1,Right,2303.8105,0,Left,2412.5845,0,Left,2390.6037,0,Left,3192.0781,0,Left,1668.5524,0,Left,1198.9715,1,Right,4678.9453,1,Right,2162.5508,0,Left,2823.1918,1,Right,3223.5126,1,Right,1533.8254,0,Left,1822.8195,0,Left,1662.0531,1,Right,1517.2154,0,Left,1216.1433,1,Right,2723.7583,0,Left,2757.6532,1,Right,990.6469,0,Left,2338.715,1,Right,1782.2063,0,Left,1978.447,1,Right,1202.2014,1,Right,1618.0323,0,Left,1842.4338
Nandos_Menu_Task5 (1),35,Resp_064,MALE,33,Default,0,Left,1576.8443,1,Right,2125.889,0,Left,1208.1892,0,Left,998.3295,0,Left,1256.1179,0,Left,1062.9487,0,Left,1319.9699,0,Left,1583.2009,0,Left,1651.926,0,Left,1231.0272,1,Right,1654.084,1,Right,1842.5127,1,Right,2260.3352,1,Right,1862.2759,0,Left,1928.867,0,Left,1855.4533,0,Left,1273.3004,0,Left,1013.296,1,Right,1123.8355,1,Right,1158.4585,0,Left,1450.8318,0,Left,1677.1823,0,Left,924.7473,0,Left,1523.6578,0,Left,1632.0671,0,Left,2731.6436,0,Left,1388.9921,0,Left,1214.9384,0,Left,2876.2727,1,Right,1578.7324,0,Left,1382.2707,1,Right,1753.4326,0,Left,1303.4953,1,Right,1522.0962,1,Right,2475.4435,1,Right,2608.6711,1,Right,1848.5636,1,Right,1904.3705,0,Left,1241.0578,1,Right,1554.9675,1,Right,1594.6587,0,Left,1767.5174,0,Left,1517.314,0,Left,1683.4588,1,Right,1824.1499,0,Left,1880.8854,1,Right,3093.1428,1,Right,1530.0132,1,Right,2424.3337,1,Right,1913.8184,1,Right,2074.9007,0,Left,1402.9519,1,Right,1386.2973,1,Right,2218.4949,0,Left,2744.9983,0,Left,1247.0447,1,Right,1636.8609,1,Right,1536.2204,0,Left,1546.7189,0,Left,1690.0952,1,Right,1791.0716,1,Right,1876.5232,1,Right,2466.8738,1,Right,1619.0502,1,Right,1592.8224,0,Left,1962.3328,1,Right,1594.9711,1,Right,1534.7994,1,Right,1599.6609,1,Right,1277.9931,1,Right,1785.2094
Nandos_Menu_Task5 (1),25,Resp_018,MALE,24,Default,0,Left,1953.1715,0,Left,1923.6371,0,Left,1536.35,0,Left,2613.535,0,Left,1759.3571,0,Left,2391.1555,0,Left,2680.6175,0,Left,1747.7478,0,Left,1719.4968,0,Left,1723.8394,0,Left,1575.5697,1,Right,3631.622,0,Left,2746.2789,0,Left,3156.7474,0,Left,2334.6975,0,Left,1710.9202,0,Left,1189.1212,0,Left,1547.8003,0,Left,1798.1019,0,Left,1812.1795,1,Right,3038.7297,0,Left,1349.505,0,Left,1484.1201,0,Left,1274.7809,0,Left,1569.1674,0,Left,1693.5215,0,Left,1787.1498,0,Left,1489.4121,0,Left,3023.0141,0,Left,1421.3067,0,Left,1340.6732,0,Left,2119.0646,0,Left,1073.0192,0,Left,1417.0346,0,Left,2054.6423,0,Left,2269.7516,0,Left,3610.9715,0,Left,4229.0963,0,Left,1184.1188,0,Left,1801.1366,0,Left,3154.2562,0,Left,3006.1864,0,Left,1944.5277,0,Left,2736.7687,1,Right,2999.7367,0,Left,1535.5366,0,Left,2544.1362,0,Left,1989.8462,0,Left,3113.3838,1,Right,3562.8099,0,Left,2497.5088,0,Left,3270.5662,0,Left,2770.0587,0,Left,2029.5412,0,Left,2686.248,0,Left,1846.7282,0,Left,5422.8684,0,Left,2988.1852,0,Left,1742.52,0,Left,1797.6803,1,Right,2614.4556,0,Left,936.6072,0,Left,1329.8082,0,Left,1312.951,1,Right,3240.7433,0,Left,2154.6431,0,Left,2227.7208,0,Left,1363.0593,0,Left,1949.8553,0,Left,1845.469,0,Left,2547.2702
Nandos_Menu_Task5 (1),26,Resp_020,MALE,36,Default,0,Left,957.7332,0,Left,1943.9948,0,Left,2402.4457,0,Left,1941.5054,0,Left,4781.3553,0,Left,1262.7696,0,Left,1503.8818,0,Left,2776.655,1,Right,2038.1476,0,Left,2649.4369,1,Right,3634.3268,0,Left,3143.9316,1,Right,1693.1381,0,Left,1570.4391,0,Left,2482.3365,0,Left,2835.5307,0,Left,1586.4585,1,Right,3646.1626,1,Right,1959.7569,0,Left,1845.6088,1,Right,3645.9732,0,Left,2077.0257,0,Left,3493.9957,0,Left,1622.1896,0,Left,2124.2164,0,Left,2074.422,0,Left,4023.6151,0,Left,928.2923,0,Left,1940.9461,1,Right,2169.4922,0,Left,2204.4884,0,Left,1910.0848,0,Left,3012.5738,0,Left,1442.1643,0,Left,1763.4809,0,Left,2098.4998,0,Left,2936.5112,0,Left,2891.1685,0,Left,1430.1757,1,Right,1746.6754,1,Right,2539.8857,0,Left,2884.1231,0,Left,2842.0518,0,Left,4036.3836,1,Right,3610.4644,1,Right,729.3044,0,Left,1300.6699,0,Left,3624.2552,0,Left,4043.7691,1,Right,3900.7297,0,Left,2278.7186,0,Left,2260.5505,0,Left,4308.0427,0,Left,5796.7157,0,Left,2140.2718,0,Left,3555.1124,1,Right,6727.6873,1,Right,1377.9735,0,Left,1831.1768,0,Left,2902.8454,1,Right,4366.9084,0,Left,1096.2407,1,Right,5826.5862,0,Left,1561.5913,1,Right,5252.2402,0,Left,1661.6258,1,Right,6007.271,0,Left,3481.8351,0,Left,4354.252,1,Right,4082.4933,0,Left,2613.6478
Nandos_Menu_Task5 (1),28,Resp_066,MALE,22,Default,0,Left,15187.2817,0,Left,7625.4912,0,Left,2846.7053,0,Left,2511.4824,0,Left,6407.7517,1,Right,1691.3743,0,Left,2117.9161,0,Left,1862.8766,0,Left,2455.8691,0,Left,2666.6522,1,Right,2354.002,1,Right,2745.7872,1,Right,3252.5715,0,Left,17087.6308,1,Right,6092.0337,1,Right,1910.0271,0,Left,2006.1373,1,Right,4141.6089,1,Right,10770.5256,0,Left,5180.5929,1,Right,2202.1441,0,Left,2787.7834,0,Left,1673.144,0,Left,6066.5914,0,Left,4426.4155,0,Left,4502.7375,0,Left,4129.9795,0,Left,1394.5283,0,Left,2309.6126,1,Right,2916.1661,0,Left,1994.5272,0,Left,2920.64,0,Left,5216.158,1,Right,4245.0595,0,Left,5180.5789,1,Right,2777.2092,0,Left,7267.0257,0,Left,2023.4376,0,Left,2642.8308,0,Left,3351.2991,1,Right,5116.9219,0,Left,2372.4669,0,Left,2988.7582,1,Right,8780.4197,1,Right,1889.3579,1,Right,9260.6556,1,Right,4216.2932,1,Right,2347.9841,0,Left,4952.108,1,Right,13398.269,0,Left,7633.2095,0,Left,1430.8421,1,Right,4406.5274,1,Right,5715.0713,0,Left,5434.0719,0,Left,2315.1495,0,Left,8798.4317,1,Right,17428.361,0,Left,2310.548,0,Left,1761.9339,0,Left,3869.135,1,Right,3049.6681,1,Right,1792.4112,0,Left,1890.4157,1,Right,1962.5411,0,Left,2193.5329,0,Left,18458.1321,1,Right,3843.9577,1,Right,8173.8796,1,Right,3393.7342,0,Left,3073.407
Nandos_Menu_Task5 (1),43,Resp_044,FEMALE,40,Default,0,Left,1428.303,0,Left,2035.0713,0,Left,3180.6578,1,Right,2328.8314,0,Left,3543.5858,0,Left,1716.2478,0,Left,4084.3848,0,Left,1543.08,0,Left,2270.4541,0,Left,1497.3398,1,Right,1779.5248,1,Right,2525.606,1,Right,1813.2681,1,Right,3151.8558,0,Left,1606.9244,0,Left,2010.7465,0,Left,1405.9804,1,Right,2528.9367,1,Right,1522.4828,0,Left,1850.7798,1,Right,1858.6726,0,Left,1390.9615,1,Right,1973.0559,0,Left,1684.3556,0,Left,2080.305,0,Left,1991.6729,0,Left,1942.8231,0,Left,1272.0773,0,Left,1989.3768,0,Left,2581.2998,0,Left,1870.0141,0,Left,2362.5813,0,Left,1956.3574,0,Left,1686.6415,0,Left,4271.9514,0,Left,1573.8115,0,Left,1980.6235,0,Left,3081.4791,0,Left,1702.6457,1,Right,1477.8864,1,Right,3189.8685,1,Right,3333.5007,0,Left,1898.928,0,Left,1581.641,1,Right,1672.2862,0,Left,1587.6219,0,Left,1623.7343,1,Right,1948.3639,0,Left,1864.8682,1,Right,3064.9219,0,Left,2837.5653,0,Left,1717.731,1,Right,2419.5289,1,Right,3170.5376,0,Left,2814.4765,0,Left,3965.4134,1,Right,3863.3431,1,Right,2006.9043,0,Left,1765.9877,0,Left,1065.4222,0,Left,2331.5408,0,Left,2872.8448,0,Left,1680.8726,0,Left,1439.484,0,Left,1751.199,0,Left,1707.4413,1,Right,2190.6436,1,Right,1948.075,0,Left,1987.1001,1,Right,3808.3637,0,Left,1697.9682
Nandos_Menu_Task5 (1),47,Resp_046,FEMALE,24,Default,0,Left,1342.1883,0,Left,1943.3324,0,Left,2890.319,0,Left,3955.2729,0,Left,3951.3126,0,Left,2619.8624,0,Left,2326.4144,0,Left,2972.1068,0,Left,2594.7705,0,Left,1714.9251,1,Right,2130.2826,1,Right,4613.557,0,Left,2320.6353,0,Left,4594.7116,0,Left,1899.8264,0,Left,2940.8062,0,Left,1646.706,1,Right,3726.6132,0,Left,4747.0197,0,Left,2483.264,0,Left,2701.9963,0,Left,3021.9408,1,Right,4169.0179,0,Left,1703.4466,0,Left,2209.5154,0,Left,3003.0616,0,Left,2797.9013,0,Left,2938.739,0,Left,2249.6986,0,Left,4756.2976,0,Left,1687.8778,0,Left,2132.7068,0,Left,3313.2135,0,Left,1837.9092,0,Left,2928.9095,0,Left,2063.471,0,Left,2236.5639,0,Left,2381.4063,0,Left,1818.0043,0,Left,1672.8721,0,Left,3694.7704,0,Left,5565.4538,0,Left,2229.8732,1,Right,3799.8535,1,Right,2990.2365,0,Left,3705.5846,1,Right,2043.538,1,Right,4174.3175,0,Left,3186.155,1,Right,3568.0195,1,Right,3314.489,0,Left,1942.5244,1,Right,2324.4365,1,Right,2574.6403,1,Right,4090.7622,0,Left,5706.5808,1,Right,8260.0459,1,Right,3464.7324,0,Left,1625.8162,0,Left,1571.9317,1,Right,3479.975,0,Left,2989.3536,1,Right,4828.9764,1,Right,5052.414,1,Right,2593.1041,0,Left,1958.4227,0,Left,4189.3588,0,Left,2566.9784,0,Left,2674.0522,0,Left,2782.7418,0,Left,3254.6839
Nandos_Menu_Task5 (1),38,Resp_048,FEMALE,45,Default,0,Left,2958.3469,0,Left,2050.6685,0,Left,4745.1818,1,Right,8611.0345,0,Left,2887.2789,0,Left,1797.6468,0,Left,3328.9502,0,Left,2093.3175,1,Right,4745.014,0,Left,1402.2349,1,Right,3254.2033,1,Right,4646.3059,1,Right,5006.0219,1,Right,6425.4606,0,Left,3235.8715,0,Left,2252.1746,0,Left,3210.5074,1,Right,8230.1339,1,Right,3822.329,0,Left,2970.0828,1,Right,6347.8806,0,Left,2560.6775,1,Right,6585.3447,0,Left,1871.3491,0,Left,3075.5667,0,Left,2895.8049,0,Left,2796.4173,0,Left,1540.1917,0,Left,2255.1755,0,Left,8531.0569,0,Left,1719.0847,0,Left,2703.8633,0,Left,3197.057,0,Left,2393.0451,0,Left,4023.7617,0,Left,2998.6583,0,Left,4549.214,1,Right,5971.5553,0,Left,1667.6404,1,Right,5074.3542,1,Right,5234.0086,0,Left,3523.6307,0,Left,2559.8161,0,Left,2706.1532,1,Right,5854.4408,0,Left,2043.8386,0,Left,2105.8678,0,Left,2299.534,0,Left,3572.0579,0,Left,4245.0322,0,Left,4187.2885,0,Left,2208.1219,1,Right,6326.9153,0,Left,2474.3268,0,Left,3507.4307,0,Left,2961.8038,1,Right,9169.7544,0,Left,2676.9416,0,Left,2653.8919,0,Left,2225.1453,1,Right,5196.609,0,Left,2030.4938,1,Right,3609.6641,0,Left,4452.0122,1,Right,3686.2686,0,Left,3634.5579,0,Left,2630.3645,0,Left,2928.7737,1,Right,4143.631,0,Left,2267.7475,0,Left,3419.4866
Nandos_Menu_Task5 (1),40,Resp_068,MALE,50,Default,0,Left,1701.4426,0,Left,1838.6796,0,Left,1516.9448,0,Left,5729.4684,1,Right,3846.0296,0,Left,1398.6332,0,Left,2500.3034,0,Left,1715.8435,1,Right,2894.2205,0,Left,1306.5053,1,Right,1436.301,1,Right,3658.9566,0,Left,3975.8892,1,Right,2379.3845,1,Right,3635.8414,0,Left,4776.6038,0,Left,1261.8795,0,Left,4980.6821,1,Right,4189.4379,0,Left,1713.3862,1,Right,1562.3384,0,Left,2045.3526,1,Right,4547.9945,0,Left,1899.1512,0,Left,1456.5017,0,Left,1586.7711,0,Left,5089.213,0,Left,1044.669,1,Right,2024.3698,1,Right,3413.8289,0,Left,1486.5086,0,Left,3270.3654,0,Left,2155.8657,1,Right,4055.404,0,Left,5101.0298,0,Left,1518.9216,1,Right,2710.0823,1,Right,4653.437,0,Left,1257.7605,0,Left,1831.2264,1,Right,4919.6198,0,Left,1707.8318,0,Left,1558.1478,0,Left,1591.2357,1,Right,1527.0798,0,Left,1860.334,0,Left,2857.3129,0,Left,2005.3778,0,Left,2895.684,1,Right,2822.1579,0,Left,4255.0453,0,Left,2001.5716,1,Right,2156.6179,1,Right,4049.155,0,Left,2403.2599,1,Right,7294.6498,0,Left,3774.492,1,Right,1581.0101,0,Left,2395.9257,0,Left,3239.8689,1,Right,2154.5411,0,Left,2046.5121,1,Right,3453.2549,0,Left,2088.6703,1,Right,4151.3421,0,Left,2989.0996,0,Left,2446.046,1,Right,2271.8551,1,Right,2554.2972,0,Left,2926.3937,0,Left,3327.4926
Nandos_Menu_Task5 (1),54,Resp_024,MALE,33,Default,0,Left,1665.9066,0,Left,3298.4927,0,Left,1705.7012,0,Left,4983.1856,0,Left,6740.4188,0,Left,2326.7892,0,Left,2471.509,0,Left,1669.6034,0,Left,2000.9743,0,Left,1310.658,0,Left,3229.4632,0,Left,3953.485,0,Left,1993.3306,0,Left,2798.4776,0,Left,3320.489,0,Left,2958.3259,0,Left,1497.8275,0,Left,1890.4721,0,Left,2508.2069,0,Left,1695.6665,0,Left,2940.195,0,Left,2489.2807,0,Left,2434.315,0,Left,1622.5165,0,Left,2658.5092,0,Left,1885.1363,0,Left,1885.4547,0,Left,1328.8384,0,Left,2389.9599,0,Left,2547.106,0,Left,1931.7223,0,Left,2722.3475,0,Left,1803.0842,0,Left,1638.7489,0,Left,2878.9253,0,Left,2767.7736,0,Left,2219.0757,0,Left,3106.914,0,Left,1548.8993,0,Left,1700.6367,0,Left,2287.6482,0,Left,2436.9425,0,Left,2052.123,0,Left,2313.7328,0,Left,1665.5115,0,Left,1682.3513,0,Left,3108.5608,0,Left,1971.1851,0,Left,4296.287,0,Left,1983.4551,0,Left,3530.97,0,Left,1598.2323,0,Left,1593.6081,0,Left,3779.1646,0,Left,2054.4012,0,Left,2480.5592,0,Left,3898.5267,0,Left,2722.8557,0,Left,1676.2055,0,Left,3874.5563,0,Left,2291.1583,0,Left,2922.0695,1,Right,3828.216,0,Left,2524.8179,1,Right,4561.0026,0,Left,1932.698,0,Left,2687.4824,0,Left,2102.4328,0,Left,1963.0499,0,Left,2171.7566,0,Left,2628.0951
Nandos_Menu_Task5 (1),55,Resp_026,MALE,34,Default,0,Left,1730.2665,0,Left,1736.2962,0,Left,1418.811,0,Left,3603.5341,0,Left,1483.711,0,Left,1320.9972,0,Left,1455.2751,0,Left,3466.4648,0,Left,2598.5949,0,Left,2127.5172,1,Right,2307.8526,0,Left,5286.4948,0,Left,3404.1433,0,Left,4267.629,0,Left,2025.0795,0,Left,2664.0989,0,Left,1129.615,0,Left,2011.4138,0,Left,2396.2612,0,Left,3150.4156,0,Left,2478.84,0,Left,1559.6872,0,Left,1666.0454,0,Left,1398.0003,0,Left,2139.7306,0,Left,2689.0723,0,Left,1923.7456,0,Left,2458.5174,0,Left,2076.0021,0,Left,1876.7053,0,Left,1783.7774,0,Left,2119.8343,0,Left,1511.1486,0,Left,1451.1015,0,Left,2401.2344,0,Left,1784.7854,0,Left,1596.4357,0,Left,2445.4726,0,Left,2731.0308,1,Right,8574.6601,0,Left,1794.3809,0,Left,2723.169,0,Left,1447.9904,0,Left,2409.3064,0,Left,2072.9033,0,Left,4183.5493,0,Left,2200.6633,1,Right,6171.1296,0,Left,2217.5024,0,Left,3551.226,0,Left,3273.2919,0,Left,1543.4268,0,Left,2505.2779,1,Right,4480.5292,0,Left,3715.8335,0,Left,2700.9942,1,Right,4163.7358,0,Left,2667.3527,0,Left,1896.0208,0,Left,1960.4599,0,Left,4745.0728,0,Left,2156.681,0,Left,1607.9808,0,Left,2010.0575,0,Left,2272.4697,0,Left,2137.826,0,Left,2554.5408,0,Left,2077.7317,0,Left,1404.5993,0,Left,3286.4446,0,Left,3322.7331
Nandos_Menu_Task5 (1),49,Resp_072,FEMALE,40,Default,0,Left,1342.6096,0,Left,1444.3638,0,Left,1316.5192,0,Left,1789.0463,0,Left,1840.95,0,Left,1917.0621,0,Left,2997.8245,0,Left,1705.263,1,Right,1643.126,0,Left,1261.7632,1,Right,1633.0781,0,Left,3339.3119,0,Left,2021.8702,0,Left,1953.1212,0,Left,1729.812,1,Right,3113.8075,0,Left,1431.7364,0,Left,2945.5703,1,Right,1959.6149,0,Left,2019.8996,0,Left,1912.3965,0,Left,3272.7421,1,Right,2371.2102,0,Left,1634.2485,0,Left,2206.9372,0,Left,2368.8612,0,Left,2133.7406,0,Left,966.1909,0,Left,1449.4842,0,Left,2187.8829,0,Left,1376.8251,0,Left,1544.583,0,Left,1687.7455,0,Left,1575.5425,0,Left,2597.3361,0,Left,1893.6199,0,Left,1181.2575,0,Left,2676.8716,0,Left,1341.2671,0,Left,1521.6031,0,Left,2348.7086,0,Left,1897.5171,0,Left,3382.6789,0,Left,2060.0636,0,Left,1942.9029,0,Left,1610.138,0,Left,1899.1266,1,Right,1991.6088,0,Left,2068.2743,1,Right,2297.5814,0,Left,3240.1988,0,Left,2101.3769,1,Right,2297.5578,1,Right,2608.923,0,Left,2407.446,0,Left,2481.9429,1,Right,4395.175,1,Right,2235.4084,0,Left,1889.6925,0,Left,1822.5235,0,Left,2031.5571,0,Left,2373.7279,1,Right,1885.809,0,Left,3757.2725,1,Right,1908.6439,0,Left,2268.8372,0,Left,2646.2472,0,Left,1611.4578,0,Left,2150.95,0,Left,2004.8431,0,Left,1672.1481
Nandos_Menu_Task5 (1),51,Resp_052,MALE,33,Default,0,Left,2102.7253,0,Left,2246.9203,0,Left,1789.5925,0,Left,3020.5572,1,Right,3388.8356,0,Left,1758.6633,0,Left,1509.5427,0,Left,1864.8044,1,Right,2071.2776,0,Left,1665.3012,1,Right,2160.2101,1,Right,5093.2926,1,Right,2141.6597,0,Left,2795.0627,1,Right,2084.5523,0,Left,1469.2827,0,Left,2314.3257,1,Right,2508.122,1,Right,2091.3656,0,Left,2247.8585,1,Right,1771.438,0,Left,2725.0777,0,Left,2600.5012,0,Left,2103.0445,0,Left,2052.471,0,Left,2838.1398,0,Left,1279.071,0,Left,1413.2163,0,Left,2075.7655,1,Right,2571.4687,0,Left,1367.1987,0,Left,2351.0012,0,Left,4032.8681,0,Left,2558.7746,1,Right,2628.3701,1,Right,1905.7071,1,Right,3365.1243,0,Left,2155.6214,0,Left,1792.261,0,Left,2115.9058,1,Right,3678.6918,1,Right,3545.3963,0,Left,4204.6397,0,Left,3132.7115,1,Right,2004.03,1,Right,2988.9892,1,Right,2339.963,0,Left,3292.1716,1,Right,3170.3218,1,Right,3774.1057,1,Right,3462.6008,0,Left,1902.7299,1,Right,3013.061,1,Right,3265.1998,0,Left,2637.3867,0,Left,2990.4862,0,Left,5460.1702,1,Right,2092.1024,0,Left,1869.3879,0,Left,1595.1093,1,Right,1756.993,0,Left,4592.1119,1,Right,1702.8889,1,Right,3389.68,1,Right,2104.9422,0,Left,4181.9954,0,Left,2945.4901,1,Right,2525.3593,1,Right,2405.6709,1,Right,2838.6653,1,Right,3112.459
Nandos_Menu_Task5 (1),52,Resp_070,MALE,47,Default,0,Left,1134.4063,0,Left,1607.4825,0,Left,2525.4901,0,Left,2453.624,1,Right,7230.3082,0,Left,1822.0318,0,Left,1768.7506,0,Left,1687.153,1,Right,1663.0323,0,Left,1673.0386,0,Left,2486.3842,0,Left,1400.5808,0,Left,4855.6409,0,Left,3301.7274,0,Left,2918.5969,0,Left,1869.1537,0,Left,1021.4832,0,Left,3554.2715,0,Left,1952.2865,0,Left,2526.6299,1,Right,3812.5192,0,Left,1947.787,0,Left,1839.7922,0,Left,1780.753,0,Left,1750.3337,0,Left,2233.2067,0,Left,2529.3906,0,Left,1410.8429,0,Left,1577.1909,0,Left,2594.0572,0,Left,1203.0953,0,Left,1993.562,0,Left,2122.3333,0,Left,1819.3326,0,Left,2276.0434,0,Left,1901.4217,1,Right,3407.2055,0,Left,3953.8586,0,Left,1387.1291,1,Right,5392.7488,1,Right,3698.9026,0,Left,1595.0128,0,Left,1514.1285,0,Left,2004.5432,1,Right,3001.9217,0,Left,2276.9496,1,Right,2546.5254,0,Left,1476.0074,1,Right,5542.9117,1,Right,3715.6121,0,Left,3495.6313,0,Left,1426.6873,1,Right,2539.3678,1,Right,3286.7091,0,Left,3593.9842,1,Right,3168.2232,1,Right,7389.1371,1,Right,3134.6102,0,Left,1218.161,0,Left,1126.4781,0,Left,2213.9409,0,Left,1921.1928,0,Left,2099.0454,0,Left,1805.9295,0,Left,2973.873,0,Left,2869.0932,1,Right,1865.774,1,Right,3314.7658,0,Left,2286.6335,1,Right,3724.1563,0,Left,1626.6325
Nandos_Menu_Task5 (1),66,Resp_074,FEMALE,36,Default,0,Left,1419.0331,0,Left,3791.4961,0,Left,1635.726,0,Left,2676.7294,0,Left,3214.1736,0,Left,1673.8162,0,Left,2973.9108,0,Left,2140.6719,0,Left,2820.4061,0,Left,1496.2252,1,Right,5154.1417,1,Right,7589.6634,1,Right,3642.9186,1,Right,3269.5583,0,Left,2284.7566,0,Left,2892.8385,0,Left,3642.5053,1,Right,3324.5296,0,Left,2814.0343,0,Left,1956.4906,1,Right,2583.0853,0,Left,2406.0165,1,Right,3297.7746,0,Left,2906.8238,0,Left,2110.1897,0,Left,2759.9405,0,Left,2456.3287,0,Left,1224.683,0,Left,3299.3554,1,Right,2916.075,0,Left,1199.4686,0,Left,3128.8504,0,Left,4917.148,1,Right,4615.8518,0,Left,3471.8289,0,Left,2129.8817,1,Right,3007.2564,0,Left,5961.2984,0,Left,1744.903,0,Left,3468.0962,1,Right,2469.6315,0,Left,1498.5001,0,Left,1984.3697,0,Left,1425.9864,1,Right,3221.0423,0,Left,3294.8116,0,Left,2505.6912,0,Left,1586.4821,1,Right,5087.3286,1,Right,4347.8005,1,Right,3351.7014,0,Left,1927.3577,1,Right,5262.6716,1,Right,2791.9112,0,Left,9024.4993,0,Left,4131.2376,0,Left,7552.2067,1,Right,4330.1021,0,Left,1571.5729,0,Left,1925.4062,1,Right,3436.3052,0,Left,1504.321,1,Right,4560.5858,0,Left,2033.6773,1,Right,2407.897,0,Left,2586.2824,0,Left,2768.8343,1,Right,4072.8272,0,Left,1649.5935,0,Left,2024.0213,0,Left,1931.6069
Nandos_Menu_Task5 (1),68,Resp_054,MALE,28,Default,0,Left,1471.2723,0,Left,2069.1082,0,Left,2497.3158,1,Right,1869.6554,1,Right,2706.6694,0,Left,3054.7324,1,Right,3057.5473,0,Left,1336.4237,0,Left,1528.4419,0,Left,1509.0628,0,Left,2026.728,1,Right,3575.8702,0,Left,2740.6365,0,Left,1993.4906,0,Left,1806.0993,1,Right,1611.9567,0,Left,1378.708,0,Left,918.7418,0,Left,2325.8024,0,Left,2295.2693,0,Left,1775.7767,0,Left,2259.0569,0,Left,2492.4522,1,Right,1746.6294,0,Left,1219.5888,0,Left,2047.9115,1,Right,982.9174,0,Left,1646.2883,0,Left,1172.8058,1,Right,3005.6402,0,Left,1494.2084,1,Right,4088.3578,0,Left,1841.2907,0,Left,1445.9431,0,Left,1950.2149,1,Right,2109.3735,0,Left,2426.0339,0,Left,3179.8047,1,Right,5858.5296,0,Left,4353.6104,0,Left,1954.1131,1,Right,1769.6962,0,Left,2742.3846,1,Right,2229.8951,0,Left,2298.5964,0,Left,1872.0461,1,Right,1555.3206,0,Left,1753.6617,0,Left,2210.7751,0,Left,1817.1607,0,Left,2055.4218,1,Right,1541.2707,0,Left,1348.8134,0,Left,1599.7231,0,Left,1797.246,0,Left,2384.7891,0,Left,1052.8324,1,Right,1583.2221,0,Left,1828.2362,1,Right,1365.6461,0,Left,1878.9952,0,Left,2316.7023,0,Left,1128.191,0,Left,2253.9371,1,Right,1149.999,0,Left,7484.3614,0,Left,1833.8705,0,Left,1258.1923,0,Left,5852.3395,0,Left,1923.8899,0,Left,3277.2911
Nandos_Menu_Task5 (1),69,Resp_056,FEMALE,24,Default,0,Left,1186.8629,0,Left,4545.2228,0,Left,2163.527,0,Left,2930.5493,0,Left,5691.8154,0,Left,1399.994,0,Left,2256.3892,0,Left,1873.6709,1,Right,1480.0397,0,Left,1193.61,1,Right,1397.6517,0,Left,2016.4601,1,Right,2481.7656,0,Left,4042.846,0,Left,1814.9273,0,Left,2102.395,0,Left,1767.4101,1,Right,2914.5282,1,Right,1722.4275,0,Left,1638.3424,1,Right,2875.7889,0,Left,2105.7175,0,Left,3059.6941,0,Left,1151.5452,0,Left,1966.0454,0,Left,1152.1775,0,Left,2497.68,0,Left,1107.1058,1,Right,2795.8929,1,Right,4184.354,0,Left,1524.1993,1,Right,2521.713,0,Left,1252.1275,0,Left,1208.6438,0,Left,3165.6472,0,Left,1804.8244,1,Right,3295.8492,0,Left,3970.2419,0,Left,1980.6955,1,Right,2652.9353,0,Left,4502.6943,0,Left,1844.5789,0,Left,1496.8969,0,Left,1799.1328,1,Right,2010.8818,0,Left,2429.4953,0,Left,1551.5637,1,Right,2021.4536,0,Left,2287.3289,1,Right,2873.2323,0,Left,5150.2565,0,Left,2037.5146,0,Left,2176.9773,0,Left,3312.374,0,Left,3487.8299,0,Left,2132.7083,1,Right,4509.7696,1,Right,2081.8009,0,Left,2505.7923,0,Left,1369.5795,1,Right,1702.2719,0,Left,2066.0257,1,Right,1682.7319,0,Left,2223.4318,1,Right,2023.1551,0,Left,6057.1485,1,Right,1971.2314,0,Left,2000.6706,1,Right,1714.8234,0,Left,2021.4554,0,Left,2545.0826
Nandos_Menu_Task5 (1),58,Resp_076,MALE,27,Default,0,Left,1629.0198,0,Left,1211.1779,1,Right,4576.5861,0,Left,2886.2977,1,Right,4149.8087,0,Left,1682.8739,0,Left,1524.3663,0,Left,1886.969,1,Right,2726.8122,1,Right,2015.1285,1,Right,1775.44,1,Right,2262.4326,1,Right,3418.8794,1,Right,4518.1997,0,Left,3323.3382,0,Left,6705.0253,0,Left,2147.3724,1,Right,3550.2631,0,Left,2329.9099,0,Left,2887.5386,1,Right,2230.0947,0,Left,2404.8979,0,Left,4291.1494,0,Left,1845.9302,0,Left,4458.2368,1,Right,2117.5441,0,Left,4187.4819,0,Left,1680.6749,0,Left,1757.5781,1,Right,4933.09,0,Left,1133.2962,1,Right,3699.1507,0,Left,4509.8006,1,Right,3303.4574,1,Right,2311.6323,1,Right,2653.605,1,Right,1623.9836,1,Right,8063.8814,0,Left,1805.0392,1,Right,2001.3389,1,Right,3017.3177,1,Right,2755.5562,1,Right,3204.2801,1,Right,2330.5723,1,Right,1447.7471,0,Left,3465.1324,0,Left,3323.0596,1,Right,2442.2584,0,Left,2105.8322,1,Right,2294.1009,1,Right,4559.433,0,Left,2758.3902,1,Right,2879.5913,1,Right,2823.9576,0,Left,5523.2871,1,Right,5634.5112,1,Right,5130.0086,1,Right,2594.6155,0,Left,3611.036,1,Right,2568.3398,1,Right,6081.3425,0,Left,2758.6967,1,Right,2250.5414,1,Right,2464.6944,1,Right,4161.6999,0,Left,2673.8561,1,Right,1934.7139,1,Right,2224.276,1,Right,2352.6514,1,Right,2251.947,1,Right,2640.516
Nandos_Menu_Task5 (1),60,Resp_058,MALE,21,Default,0,Left,856.2758,0,Left,2097.8982,0,Left,1043.4096,0,Left,1682.4591,0,Left,1385.2968,0,Left,1042.1617,0,Left,1265.7008,0,Left,1740.0493,1,Right,2743.4606,0,Left,2232.807,1,Right,1437.0105,1,Right,1452.4573,1,Right,5700.8889,1,Right,2558.2216,1,Right,4458.7432,0,Left,1035.9919,1,Right,1497.3406,1,Right,2498.3056,1,Right,2422.5182,0,Left,1323.1488,1,Right,3362.7738,0,Left,1300.5179,1,Right,3830.8283,0,Left,1298.5185,0,Left,1332.5949,0,Left,1412.0057,0,Left,1761.4435,0,Left,1242.6899,0,Left,1774.0278,1,Right,1735.9412,0,Left,1493.8608,0,Left,1638.7868,0,Left,1671.8036,1,Right,1186.9112,1,Right,3214.4693,1,Right,2591.826,1,Right,1589.4297,1,Right,2451.5604,0,Left,599.5915,0,Left,1746.6376,1,Right,1989.4177,1,Right,1673.3663,0,Left,2060.0383,0,Left,2926.9678,0,Left,2276.7943,1,Right,3301.2074,0,Left,1704.1708,1,Right,4911.926,0,Left,1820.8325,1,Right,1503.6374,1,Right,2868.6631,0,Left,1330.0609,0,Left,1913.8435,0,Left,1829.9662,0,Left,1376.5401,0,Left,1915.6977,1,Right,4279.6905,1,Right,2390.1134,0,Left,1092.3236,0,Left,1108.8509,1,Right,1335.757,0,Left,1177.0264,1,Right,2027.2307,0,Left,2712.0459,1,Right,1872.811,1,Right,2117.5249,1,Right,2182.2805,0,Left,1693.3124,0,Left,1613.9675,1,Right,2029.1092,0,Left,3335.8164
Nandos_Menu_Task5 (1),62,Resp_028,FEMALE,40,Default,0,Left,1110.1927,0,Left,2511.7969,0,Left,2124.6463,1,Right,6042.3104,0,Left,4499.8778,0,Left,2178.1017,0,Left,2099.6625,0,Left,1559.7995,0,Left,1439.2685,0,Left,1953.4344,1,Right,4278.3184,0,Left,4837.2301,0,Left,9989.1906,1,Right,8025.0554,0,Left,1957.4319,0,Left,2362.6776,0,Left,1265.1866,0,Left,2789.1468,0,Left,1795.8402,0,Left,1305.2264,1,Right,3339.0846,0,Left,1826.0781,0,Left,2053.1404,0,Left,1611.5624,0,Left,4117.5542,0,Left,4168.409,0,Left,3881.624,0,Left,3063.5223,0,Left,2070.4262,0,Left,2651.6922,0,Left,1185.6393,0,Left,3586.5831,0,Left,4457.7286,0,Left,2789.2531,0,Left,2034.2028,0,Left,2601.777,1,Right,2291.8679,1,Right,8111.3903,0,Left,1115.6949,1,Right,3991.2631,1,Right,5494.9317,1,Right,7553.7454,0,Left,2428.1042,0,Left,2440.6347,1,Right,3445.9098,0,Left,1769.1089,1,Right,2884.275,1,Right,2785.1711,0,Left,3312.8892,1,Right,3869.3865,1,Right,6339.9865,0,Left,1829.1924,0,Left,1592.6884,1,Right,2993.951,0,Left,7158.6945,0,Left,2397.5744,1,Right,8382.8418,0,Left,2888.7787,0,Left,1315.7637,0,Left,4310.2648,1,Right,1849.2055,0,Left,1729.6862,1,Right,5622.5785,1,Right,5598.3255,0,Left,6555.2407,0,Left,3599.5468,1,Right,2798.1409,1,Right,5520.2448,1,Right,3397.702,0,Left,2044.9428,0,Left,2165.7095
Nandos_Menu_Task5 (1),64,Resp_050,MALE,33,Default,0,Left,843.8518,0,Left,538.147,0,Left,826.1132,0,Left,1394.6719,0,Left,1610.0069,0,Left,1450.622,0,Left,1201.2449,1,Right,3544.9615,1,Right,1568.9526,0,Left,1067.531,0,Left,1556.6506,1,Right,2443.6189,1,Right,977.51,1,Right,1204.9183,0,Left,1382.3911,0,Left,1287.7261,0,Left,928.9902,1,Right,1081.7194,1,Right,726.3085,0,Left,1679.526,0,Left,1430.1267,0,Left,645.1305,0,Left,916.234,0,Left,703.6922,0,Left,766.5496,0,Left,870.8575,0,Left,2273.3244,0,Left,1006.7198,0,Left,1341.393,1,Right,886.7251,0,Left,865.7791,0,Left,692.4005,0,Left,609.2785,0,Left,1173.402,0,Left,2033.2198,0,Left,1548.4575,0,Left,1932.9536,1,Right,1362.7244,0,Left,427.4363,0,Left,475.54,1,Right,1495.3977,0,Left,956.7675,0,Left,1350.0437,0,Left,1192.4752,0,Left,336.3968,1,Right,1591.6322,1,Right,1406.4909,0,Left,1365.8325,0,Left,1020.8509,1,Right,2165.3713,0,Left,1184.7049,0,Left,775.2346,0,Left,704.6277,0,Left,971.6926,1,Right,1286.9853,0,Left,2620.5125,1,Right,1449.6269,1,Right,721.4744,0,Left,878.242,0,Left,1028.8261,1,Right,1227.3742,0,Left,936.5739,1,Right,1166.9232,0,Left,1991.4063,0,Left,836.2779,0,Left,830.7676,0,Left,1294.8398,1,Right,831.6207,1,Right,1259.005,1,Right,1194.2501,1,Right,1177.187
Nandos_Menu_Task5 (1),78,Resp_060,FEMALE,31,Default,0,Left,1660.1734,0,Left,2561.1301,0,Left,1708.4356,0,Left,3216.481,0,Left,2950.3809,0,Left,1952.1587,0,Left,1545.1029,0,Left,1907.1025,1,Right,1522.1636,0,Left,1257.5827,1,Right,1764.0787,1,Right,4395.6877,1,Right,1504.7591,0,Left,3175.1534,0,Left,1619.6371,1,Right,3180.3743,0,Left,1680.6548,1,Right,2301.47,1,Right,1365.2333,0,Left,2150.1143,1,Right,2900.3996,0,Left,1378.741,1,Right,3375.2639,0,Left,1467.4919,0,Left,1694.1313,0,Left,4974.0493,0,Left,1677.3601,0,Left,1701.8718,0,Left,2092.417,1,Right,2870.2957,0,Left,1828.0319,0,Left,2225.1822,0,Left,1809.5783,0,Left,1723.6257,0,Left,3966.703,0,Left,3478.4838,0,Left,2768.6764,0,Left,4636.9663,0,Left,1408.0373,1,Right,2787.3765,1,Right,3801.3325,0,Left,2619.4969,0,Left,1892.9562,0,Left,2159.346,1,Right,4506.3069,0,Left,1930.4536,0,Left,1684.333,0,Left,1233.7578,0,Left,2516.4421,1,Right,2648.8575,0,Left,6995.0721,0,Left,1806.9335,0,Left,1791.1157,1,Right,4262.7179,0,Left,3216.5234,1,Right,1944.751,1,Right,4797.8057,0,Left,3438.4486,0,Left,1589.0535,0,Left,3985.4478,0,Left,1644.4627,0,Left,2851.9528,0,Left,1826.8231,0,Left,2352.4501,0,Left,2387.3307,0,Left,2618.3796,0,Left,2677.9541,1,Right,2968.8642,1,Right,1788.0486,0,Left,2577.2643,0,Left,1683.9509
Nandos_Menu_Task5 (1),81,Resp_078,FEMALE,25,Default,0,Left,1959.3496,0,Left,1794.5366,0,Left,1553.9827,1,Right,5240.7582,0,Left,3361.1754,0,Left,1847.0603,0,Left,1574.7516,0,Left,1965.1743,1,Right,1208.0687,0,Left,2131.3401,1,Right,1870.3081,0,Left,15390.794,1,Right,2117.6372,1,Right,2824.1204,0,Left,4976.385,0,Left,2067.1743,0,Left,1520.7126,1,Right,2205.754,1,Right,2329.4543,0,Left,2184.3859,1,Right,1826.1767,0,Left,1701.9126,1,Right,1540.7303,0,Left,3336.6689,0,Left,2024.8162,0,Left,2616.0013,0,Left,2422.927,0,Left,1581.6439,0,Left,3187.2916,1,Right,2157.784,0,Left,2641.0544,1,Right,3048.955,0,Left,2495.9423,0,Left,2383.7978,0,Left,3379.7384,0,Left,1655.5701,0,Left,2256.9954,0,Left,3447.4977,0,Left,1170.9227,1,Right,2641.553,1,Right,2330.5913,1,Right,2347.9236,1,Right,3166.5257,0,Left,1959.1453,0,Left,3142.3005,0,Left,3504.9424,1,Right,1875.1135,0,Left,1595.4526,0,Left,2115.3112,0,Left,3340.1612,1,Right,3617.5777,0,Left,3175.313,0,Left,1588.3922,0,Left,2803.218,1,Right,5361.631,1,Right,2909.4422,1,Right,3393.5275,0,Left,7114.531,0,Left,1432.4965,0,Left,2450.3348,1,Right,1883.8715,1,Right,1913.8874,1,Right,4585.8376,0,Left,4573.8954,1,Right,1942.3383,1,Right,2315.0078,1,Right,2000.6537,1,Right,4451.1006,1,Right,2343.763,0,Left,3048.5948,0,Left,3237.3364
Nandos_Menu_Task5 (1),76,Resp_082,MALE,21,Default,0,Left,1391.343,0,Left,1367.4965,0,Left,2242.8657,1,Right,1874.2425,0,Left,1959.8854,0,Left,1571.106,0,Left,2347.1952,0,Left,3166.4944,1,Right,1617.4729,0,Left,2461.4016,1,Right,1282.3032,1,Right,1761.8824,0,Left,3871.3724,0,Left,2312.5126,0,Left,1838.6719,1,Right,2216.5299,0,Left,2400.8316,0,Left,1920.1641,0,Left,1404.9926,0,Left,1474.0389,1,Right,2540.9413,1,Right,1668.0959,1,Right,1652.0151,0,Left,1634.8544,0,Left,2471.3232,0,Left,2065.9013,0,Left,1580.5596,0,Left,1483.7628,0,Left,3193.3513,1,Right,1678.1555,0,Left,1034.0953,0,Left,2819.491,0,Left,1524.5286,0,Left,1396.9447,0,Left,1173.9803,0,Left,1636.4827,1,Right,1919.7286,1,Right,1825.2438,0,Left,1643.2264,1,Right,509.1436,0,Left,1111.4796,0,Left,1838.6475,1,Right,2233.2765,1,Right,1932.6776,1,Right,1896.1138,0,Left,1652.9228,0,Left,2595.5063,0,Left,1540.2359,0,Left,1945.585,0,Left,2829.7063,1,Right,1554.3771,1,Right,1578.872,0,Left,2036.0112,0,Left,849.1634,0,Left,2508.7374,1,Right,1192.849,0,Left,3312.3275,1,Right,2054.7645,0,Left,1055.2871,0,Left,1695.245,1,Right,2481.7059,1,Right,2159.7056,1,Right,1468.0402,0,Left,1649.6531,0,Left,1673.1219,0,Left,10902.2306,1,Right,1582.6314,1,Right,1592.4647,0,Left,1463.8842,1,Right,1213.0612,0,Left,1934.7194
Nandos_Menu_Task5 (1),83,Resp_057,FEMALE,25,Default,0,Left,1531.0814,0,Left,1955.1913,0,Left,1640.6592,0,Left,2108.339,0,Left,5114.1118,0,Left,2427.6412,0,Left,2506.1613,0,Left,1415.1808,0,Left,1787.0535,0,Left,4195.697,1,Right,2313.8477,0,Left,5273.8778,0,Left,4565.0766,0,Left,2889.4909,0,Left,2461.3371,0,Left,2109.5274,0,Left,2116.0332,1,Right,3985.0326,1,Right,3539.2049,0,Left,1708.0886,0,Left,2159.7111,0,Left,2619.0789,0,Left,2860.7469,0,Left,1433.9798,0,Left,1857.0896,0,Left,2296.9459,0,Left,1734.3034,0,Left,2008.9237,0,Left,1794.7718,1,Right,3806.031,0,Left,1652.0308,0,Left,4319.3213,0,Left,6915.8525,0,Left,2735.5081,0,Left,5371.7555,1,Right,3702.7446,0,Left,2048.4528,0,Left,2851.9691,0,Left,1485.7564,0,Left,1625.067,0,Left,3875.9578,1,Right,4966.5245,0,Left,5497.7111,0,Left,2953.255,1,Right,3046.4121,0,Left,1847.0692,1,Right,2334.8026,0,Left,4118.4981,0,Left,2022.2203,1,Right,3768.4776,0,Left,4415.4081,0,Left,1467.843,0,Left,1740.4685,0,Left,2357.5249,1,Right,4090.3698,0,Left,1703.9314,1,Right,5047.3471,1,Right,3009.6109,0,Left,1735.4928,0,Left,1970.7269,1,Right,1738.2459,0,Left,2038.7668,1,Right,3379.9395,0,Left,3611.9746,1,Right,2549.0924,0,Left,2844.7612,1,Right,4115.2116,1,Right,4384.2826,0,Left,1857.1111,1,Right,2022.2217,0,Left,2082.9491
Nandos_Menu_Task5 (1),85,Resp_084,MALE,46,Default,0,Left,1310.2521,0,Left,1470.7486,0,Left,1856.0885,0,Left,3059.5028,1,Right,4493.0632,0,Left,1730.9686,0,Left,1963.1226,0,Left,1721.0357,1,Right,1526.9909,0,Left,1800.5422,1,Right,1335.1471,1,Right,2880.4281,1,Right,2372.781,0,Left,2817.4807,0,Left,2481.9266,0,Left,2242.8331,0,Left,1584.1824,1,Right,3970.6109,1,Right,2094.3373,0,Left,2357.5754,1,Right,2299.5287,0,Left,1867.1171,1,Right,2756.9212,0,Left,1314.0563,0,Left,1898.326,1,Right,3109.4427,0,Left,3058.0331,0,Left,1111.6343,0,Left,3712.7379,1,Right,4736.9827,0,Left,1619.6729,0,Left,1655.3369,0,Left,2308.974,0,Left,1826.1702,0,Left,3165.7053,0,Left,1953.8668,1,Right,2326.5067,1,Right,4390.8936,0,Left,1166.3484,1,Right,2278.068,1,Right,1361.0584,0,Left,2914.975,1,Right,2290.3833,1,Right,3026.0045,1,Right,1463.7688,1,Right,2003.3007,1,Right,3919.7066,1,Right,4081.0247,0,Left,2490.9903,1,Right,3737.8584,1,Right,5269.9733,0,Left,2635.5413,1,Right,2321.5726,1,Right,3319.4352,0,Left,2901.4769,0,Left,3554.8993,1,Right,3281.6471,1,Right,1613.7694,0,Left,1430.8472,0,Left,2099.2346,1,Right,1963.1916,0,Left,3567.6758,1,Right,2646.8121,0,Left,2418.9535,1,Right,2112.1487,0,Left,1946.4106,1,Right,1677.7756,1,Right,2119.7279,0,Left,3297.4585,1,Right,1767.7021,0,Left,4697.7148
Nandos_Menu_Task5 (1),87,Resp_086,MALE,32,Default,0,Left,1129.2382,0,Left,1677.6441,0,Left,962.4219,1,Right,2234.9586,1,Right,3647.7375,0,Left,1241.0564,0,Left,1601.0276,0,Left,785.8956,1,Right,1527.8169,0,Left,990.7388,0,Left,3521.8017,1,Right,3850.3922,1,Right,1518.2144,0,Left,3411.9636,0,Left,1774.8842,0,Left,1207.5511,0,Left,1499.5843,1,Right,2212.7885,1,Right,2402.485,0,Left,1840.5386,0,Left,1367.3895,0,Left,2348.2831,1,Right,2516.0121,0,Left,1561.1532,0,Left,2101.3393,1,Right,4280.0514,1,Right,3002.4775,0,Left,884.3778,0,Left,1729.7392,1,Right,2028.676,0,Left,1051.5652,0,Left,1243.7054,0,Left,1523.0456,0,Left,2291.9944,0,Left,3338.1709,0,Left,1653.308,0,Left,2501.9229,1,Right,3808.2603,0,Left,1067.3937,1,Right,1895.3154,0,Left,1856.9722,1,Right,2497.7387,1,Right,3458.7303,0,Left,1308.2238,0,Left,3330.8927,0,Left,1546.6795,0,Left,2197.386,1,Right,3605.5445,0,Left,5807.814,1,Right,2606.0879,1,Right,3383.4705,0,Left,1145.73,0,Left,1547.2283,0,Left,1802.8059,0,Left,4897.6097,0,Left,1815.6207,1,Right,4423.2116,1,Right,2294.0114,0,Left,1283.4795,0,Left,1101.4593,1,Right,1731.4668,0,Left,2093.6206,1,Right,2930.3679,0,Left,2707.5259,1,Right,1744.3001,0,Left,3880.6808,1,Right,2164.3778,1,Right,3282.8008,1,Right,2259.4785,1,Right,2320.2154,0,Left,2391.7174
Nandos_Menu_Task5 (1),89,Resp_080,FEMALE,48,Default,0,Left,1732.1046,0,Left,2268.8609,0,Left,3275.7686,1,Right,4495.4246,1,Right,5543.2438,0,Left,1984.6515,0,Left,5520.5344,0,Left,1924.0802,1,Right,3956.8478,0,Left,2012.9092,1,Right,4407.2527,0,Left,9771.1228,0,Left,16062.6813,0,Left,12661.6631,0,Left,2270.5878,0,Left,3806.1259,0,Left,6437.1197,0,Left,4510.4886,1,Right,7047.7894,0,Left,2904.9335,1,Right,6572.1942,0,Left,3618.2683,1,Right,2922.9596,0,Left,1855.5708,1,Right,4271.3486,0,Left,3648.6087,0,Left,2192.9455,0,Left,2229.374,0,Left,2710.1482,1,Right,6873.2691,0,Left,1467.5114,0,Left,5689.7848,0,Left,7446.0294,0,Left,2274.4769,0,Left,3072.9159,0,Left,2989.9166,0,Left,4203.6775,1,Right,13229.8808,0,Left,4364.8236,1,Right,5590.6142,0,Left,3834.2206,1,Right,11397.8012,0,Left,3346.8007,0,Left,2449.8427,1,Right,4836.7692,0,Left,5474.3248,0,Left,5036.3405,0,Left,2543.6384,0,Left,3245.2618,0,Left,4067.763,1,Right,20567.5571,0,Left,2210.383,0,Left,1704.9761,1,Right,2680.5173,0,Left,10911.8785,1,Right,3947.2616,1,Right,8692.9682,1,Right,4245.905,0,Left,3693.1621,0,Left,7601.4366,0,Left,7301.0282,0,Left,6229.913,1,Right,3581.1971,0,Left,4991.2657,1,Right,3760.3779,0,Left,7946.6822,0,Left,3854.0711,1,Right,5848.7205,0,Left,5198.2753,0,Left,2377.619,0,Left,1795.8824
