#METADATA,,,,,,,,,,,,,,,
#Channel identifier,"Info_Respondent_Name","Info_Respondent_Gender","Info_Respondent_Age","Info_Respondent_Group","Info_Interval_Type","Info_Interval_Label","Info_Interval_Start","Info_Interval_Duration","Info_Interval_ParentStimulus","Info_Interval_Comment","GSR_PDMetrics_SignalDuration","GSR_PDMetrics_HasPeaks","GSR_PDMetrics_PeakCount","GSR_PDMetrics_PeaksPerMinute","GSR_PDMetrics_AveragePeakAmplitude"
#Group,Respondent Info,Respondent Info,Respondent Info,Respondent Info,Interval Info,Interval Info,Interval Info,Interval Info,Interval Info,Interval Info,GSR peak detection metrics,GSR peak detection metrics,GSR peak detection metrics,GSR peak detection metrics,GSR peak detection metrics
#Unit,,,,,,,Milliseconds,Milliseconds,,,Milliseconds,,,,Microsiemens
#Short unit,,,,,,,ms,ms,,,ms,,,,µS
#Description,"Name of the respondent.","Gender of the respondent.","Age of the respondent.","Group of the respondent.","Type of the interval that the metrics refers to.","Name of the interval.","Start time of the interval (relative to recording start).","Duration of the interval.","Name of the parent.","Comment that was added to the interval.","Duration of the 'GSR Interpolated' signal, excluding the gaps that exceeded the selected gap interpolation length threshold.","Binary value, indicating whether the respondent had any peaks (1) or none (0) during this interval.","Count of peaks detected during this interval.","Average count of peaks detected per minute for this interval (i.e. the count of peaks detected during this interval, or 'Peak Count', divided by the interval duration, or 'Duration (ms)', times 60000).","Average amplitude of all peaks during this interval, for a given respondent (i.e. the difference between the maximum value of the 'GSR Interpolated' signal during the peak and its value at the onset)."
#Device,,,,,,,,,,,Shimmer Shimmer3-3A15 2BF6 GSR,Shimmer Shimmer3-3A15 2BF6 GSR,Shimmer Shimmer3-3A15 2BF6 GSR,Shimmer Shimmer3-3A15 2BF6 GSR,Shimmer Shimmer3-3A15 2BF6 GSR
#AlgorithmType,,,,,,,,,,,GSR Peak Detection,GSR Peak Detection,GSR Peak Detection,GSR Peak Detection,GSR Peak Detection
#Flow Name,,,,,,,,,,,GSR Peak Detection,GSR Peak Detection,GSR Peak Detection,GSR Peak Detection,GSR Peak Detection
#DATA,,,,,,,,,,,,,,,
"Study Name","Respondent Name","Gender","Age","Group","Type","Label","Start (ms)","Duration (ms)","Parent Stimulus","Comment","Signal Duration","Has Peaks","Peak Count","Peaks Per Minute","Average Peak Amplitude"
"Nandos_Menu_NewFunctional_Subset2_2 (1)","Resp_036","MALE","30","Default","Stimulus","Slide8 NewF1","332785","329184","","","329184","1","4","0.73","0.1222"
"Nandos_Menu_NewFunctional_Subset2_2 (1)","Resp_036","MALE","30","Default","Stimulus","Slide13 NewF2","697127","81769","","","81769","1","2","1.47","0.0699"
"Nandos_Menu_NewFunctional_Subset2_2 (1)","Resp_036","MALE","30","Default","Stimulus","Slide22 Item1","1144780","22025","","","22025","0","0","0",NA
"Nandos_Menu_NewFunctional_Subset2_2 (1)","Resp_036","MALE","30","Default","Stimulus","Slide24 Item2","1167890","15717","","","15717","0","0","0",NA
"Nandos_Menu_NewFunctional_Subset2_2 (1)","Resp_036","MALE","30","Default","Stimulus","Slide26 Item3","1184705","13315","","","13315","0","0","0",NA
"Nandos_Menu_NewFunctional_Subset2_2 (1)","Resp_036","MALE","30","Default","Stimulus","Slide28 Item4","1199079","8781","","","8781","0","0","0",NA
"Nandos_Menu_NewFunctional_Subset2_2 (1)","Resp_036","MALE","30","Default","Stimulus","Slide30 Item5","1208929","9919","","","9919","0","0","0",NA
"Nandos_Menu_NewFunctional_Subset2_2 (1)","Resp_036","MALE","30","Default","Stimulus","Slide45 Stim4","1533716","6000","","","6000","0","0","0",NA
"Nandos_Menu_NewFunctional_Subset2_2 (1)","Resp_036","MALE","30","Default","Stimulus","Slide36 Stim1","1541360","2992","","","2992","0","0","0",NA
"Nandos_Menu_NewFunctional_Subset2_2 (1)","Resp_036","MALE","30","Default","Stimulus","Slide42 Stim3","1545942","5990","","","5990","0","0","0",NA
"Nandos_Menu_NewFunctional_Subset2_2 (1)","Resp_036","MALE","30","Default","Stimulus","Slide54 Stim7","1553555","12002","","","12002","0","0","0",NA
"Nandos_Menu_NewFunctional_Subset2_2 (1)","Resp_036","MALE","30","Default","Stimulus","Slide60 Stim9","1567126","11992","","","11992","0","0","0",NA
"Nandos_Menu_NewFunctional_Subset2_2 (1)","Resp_036","MALE","30","Default","Stimulus","Slide66 Stim11","1580754","11988","","","11988","0","0","0",NA
"Nandos_Menu_NewFunctional_Subset2_2 (1)","Resp_036","MALE","30","Default","Stimulus","Slide39 Stim2","1594356","12001","","","12001","0","0","0",NA
"Nandos_Menu_NewFunctional_Subset2_2 (1)","Resp_036","MALE","30","Default","Stimulus","Slide57 Stim8","1607956","5991","","","5991","0","0","0",NA
"Nandos_Menu_NewFunctional_Subset2_2 (1)","Resp_036","MALE","30","Default","Stimulus","Slide63 Stim10","1615556","11999","","","11999","0","0","0",NA
"Nandos_Menu_NewFunctional_Subset2_2 (1)","Resp_036","MALE","30","Default","Stimulus","Slide51 Stim6","1629237","5992","","","5992","0","0","0",NA
"Nandos_Menu_NewFunctional_Subset2_2 (1)","Resp_036","MALE","30","Default","Stimulus","Slide48 Stim5","1636804","11991","","","11991","1","1","5","0.0075"
"Nandos_Menu_NewFunctional_Subset2_2 (1)","Resp_036","MALE","30","Default","Stimulus","Slide69 Stim12","1650384","6003","","","6003","0","0","0",NA
"Nandos_Menu_NewFunctional_Subset2_2 (1)","Resp_038","MALE","22","Default","Stimulus","Slide8 NewF1","198006","81404","","","81404","1","8","5.9","0.1997"
"Nandos_Menu_NewFunctional_Subset2_2 (1)","Resp_038","MALE","22","Default","Stimulus","Slide13 NewF2","315019","22549","","","22549","1","3","7.98","0.0195"
"Nandos_Menu_NewFunctional_Subset2_2 (1)","Resp_038","MALE","22","Default","Stimulus","Slide22 Item1","588390","11037","","","11037","1","1","5.44","0.0278"
"Nandos_Menu_NewFunctional_Subset2_2 (1)","Resp_038","MALE","22","Default","Stimulus","Slide24 Item2","600689","8292","","","8292","0","0","0",NA
"Nandos_Menu_NewFunctional_Subset2_2 (1)","Resp_038","MALE","22","Default","Stimulus","Slide26 Item3","610253","14279","","","14279","0","0","0",NA
"Nandos_Menu_NewFunctional_Subset2_2 (1)","Resp_038","MALE","22","Default","Stimulus","Slide28 Item4","625769","7347","","","7347","1","2","16.33","0.2557"
"Nandos_Menu_NewFunctional_Subset2_2 (1)","Resp_038","MALE","22","Default","Stimulus","Slide30 Item5","634416","7774","","","7774","0","0","0",NA
"Nandos_Menu_NewFunctional_Subset2_2 (1)","Resp_038","MALE","22","Default","Stimulus","Slide54 Stim7","828345","11998","","","11998","1","1","5","0.0103"
"Nandos_Menu_NewFunctional_Subset2_2 (1)","Resp_038","MALE","22","Default","Stimulus","Slide63 Stim10","842285","11999","","","11999","0","0","0",NA
"Nandos_Menu_NewFunctional_Subset2_2 (1)","Resp_038","MALE","22","Default","Stimulus","Slide57 Stim8","856240","5995","","","5995","0","0","0",NA
"Nandos_Menu_NewFunctional_Subset2_2 (1)","Resp_038","MALE","22","Default","Stimulus","Slide69 Stim12","864334","6000","","","6000","1","1","10","0.022"
"Nandos_Menu_NewFunctional_Subset2_2 (1)","Resp_038","MALE","22","Default","Stimulus","Slide51 Stim6","872204","6003","","","6003","0","0","0",NA
"Nandos_Menu_NewFunctional_Subset2_2 (1)","Resp_038","MALE","22","Default","Stimulus","Slide60 Stim9","880100","11996","","","11996","1","1","5","0.0073"
"Nandos_Menu_NewFunctional_Subset2_2 (1)","Resp_038","MALE","22","Default","Stimulus","Slide45 Stim4","894049","5997","","","5997","0","0","0",NA
"Nandos_Menu_NewFunctional_Subset2_2 (1)","Resp_038","MALE","22","Default","Stimulus","Slide36 Stim1","902036","2993","","","2993","1","1","20.05","0.0205"
"Nandos_Menu_NewFunctional_Subset2_2 (1)","Resp_038","MALE","22","Default","Stimulus","Slide42 Stim3","906954","5999","","","5999","1","1","10","0.0103"
"Nandos_Menu_NewFunctional_Subset2_2 (1)","Resp_038","MALE","22","Default","Stimulus","Slide39 Stim2","914814","11997","","","11997","1","1","5","0.0337"
"Nandos_Menu_NewFunctional_Subset2_2 (1)","Resp_038","MALE","22","Default","Stimulus","Slide66 Stim11","928738","11996","","","11996","1","1","5","0.1304"
"Nandos_Menu_NewFunctional_Subset2_2 (1)","Resp_038","MALE","22","Default","Stimulus","Slide48 Stim5","942713","11995","","","11995","1","1","5","0.1084"
"Nandos_Menu_NewFunctional_Subset2_2 (1)","Resp_040","MALE","21","Default","Stimulus","Slide8 NewF1","166702","123784","","","123784","1","10","4.85","0.0773"
"Nandos_Menu_NewFunctional_Subset2_2 (1)","Resp_040","MALE","21","Default","Stimulus","Slide13 NewF2","327120","37727","","","37727","1","2","3.18","0.0533"
"Nandos_Menu_NewFunctional_Subset2_2 (1)","Resp_040","MALE","21","Default","Stimulus","Slide22 Item1","679782","32449","","","32449","0","0","0",NA
"Nandos_Menu_NewFunctional_Subset2_2 (1)","Resp_040","MALE","21","Default","Stimulus","Slide24 Item2","713881","12178","","","12178","0","0","0",NA
"Nandos_Menu_NewFunctional_Subset2_2 (1)","Resp_040","MALE","21","Default","Stimulus","Slide26 Item3","727637","5330","","","5330","1","1","11.26","0.0366"
"Nandos_Menu_NewFunctional_Subset2_2 (1)","Resp_040","MALE","21","Default","Stimulus","Slide28 Item4","734610","9441","","","9441","0","0","0",NA
"Nandos_Menu_NewFunctional_Subset2_2 (1)","Resp_040","MALE","21","Default","Stimulus","Slide30 Item5","745646","46644","","","46644","1","2","2.57","0.019"
"Nandos_Menu_NewFunctional_Subset2_2 (1)","Resp_040","MALE","21","Default","Stimulus","Slide69 Stim12","987474","5995","","","5995","0","0","0",NA
"Nandos_Menu_NewFunctional_Subset2_2 (1)","Resp_040","MALE","21","Default","Stimulus","Slide54 Stim7","995882","11991","","","11991","0","0","0",NA
"Nandos_Menu_NewFunctional_Subset2_2 (1)","Resp_040","MALE","21","Default","Stimulus","Slide51 Stim6","1010292","6007","","","6007","0","0","0",NA
"Nandos_Menu_NewFunctional_Subset2_2 (1)","Resp_040","MALE","21","Default","Stimulus","Slide39 Stim2","1018730","12009","","","12009","0","0","0",NA
"Nandos_Menu_NewFunctional_Subset2_2 (1)","Resp_040","MALE","21","Default","Stimulus","Slide45 Stim4","1033218","6015","","","6015","1","1","9.98","0.0226"
"Nandos_Menu_NewFunctional_Subset2_2 (1)","Resp_040","MALE","21","Default","Stimulus","Slide63 Stim10","1041778","12031","","","12031","1","1","4.99","0.0058"
"Nandos_Menu_NewFunctional_Subset2_2 (1)","Resp_040","MALE","21","Default","Stimulus","Slide48 Stim5","1056360","11996","","","11996","0","0","0",NA
"Nandos_Menu_NewFunctional_Subset2_2 (1)","Resp_040","MALE","21","Default","Stimulus","Slide60 Stim9","1070809","11997","","","11997","1","2","10","0.1339"
"Nandos_Menu_NewFunctional_Subset2_2 (1)","Resp_040","MALE","21","Default","Stimulus","Slide66 Stim11","1085313","12025","","","12025","1","2","9.98","0.0329"
"Nandos_Menu_NewFunctional_Subset2_2 (1)","Resp_040","MALE","21","Default","Stimulus","Slide57 Stim8","1099811","6016","","","6016","1","1","9.97","0.0102"
"Nandos_Menu_NewFunctional_Subset2_2 (1)","Resp_040","MALE","21","Default","Stimulus","Slide36 Stim1","1108237","3012","","","3012","0","0","0",NA
"Nandos_Menu_NewFunctional_Subset2_2 (1)","Resp_040","MALE","21","Default","Stimulus","Slide42 Stim3","1113656","5997","","","5997","1","1","10","0.024"
"Nandos_Menu_NewFunctional_Subset2_2 (1)","Resp_042","MALE","40","Default","Stimulus","Slide8 NewF1","201356","83815","","","83815","1","11","7.87","0.0645"
"Nandos_Menu_NewFunctional_Subset2_2 (1)","Resp_042","MALE","40","Default","Stimulus","Slide13 NewF2","322748","22375","","","22375","1","2","5.36","0.063"
"Nandos_Menu_NewFunctional_Subset2_2 (1)","Resp_042","MALE","40","Default","Stimulus","Slide22 Item1","534101","6199","","","6199","1","1","9.68","0.2093"
"Nandos_Menu_NewFunctional_Subset2_2 (1)","Resp_042","MALE","40","Default","Stimulus","Slide24 Item2","542337","39948","","","39948","1","11","16.52","0.4034"
"Nandos_Menu_NewFunctional_Subset2_2 (1)","Resp_042","MALE","40","Default","Stimulus","Slide26 Item3","584366","12238","","","12238","1","4","19.61","0.4526"
"Nandos_Menu_NewFunctional_Subset2_2 (1)","Resp_042","MALE","40","Default","Stimulus","Slide28 Item4","598540","5716","","","5716","1","1","10.5","0.1021"
"Nandos_Menu_NewFunctional_Subset2_2 (1)","Resp_042","MALE","40","Default","Stimulus","Slide30 Item5","606315","16084","","","16084","1","3","11.19","0.0766"
"Nandos_Menu_NewFunctional_Subset2_2 (1)","Resp_042","MALE","40","Default","Stimulus","Slide42 Stim3","809183","5998","","","5998","0","0","0",NA
"Nandos_Menu_NewFunctional_Subset2_2 (1)","Resp_042","MALE","40","Default","Stimulus","Slide54 Stim7","818170","12042","","","12042","1","2","9.97","0.0485"
"Nandos_Menu_NewFunctional_Subset2_2 (1)","Resp_042","MALE","40","Default","Stimulus","Slide69 Stim12","833134","6035","","","6035","1","1","9.94","0.0306"
"Nandos_Menu_NewFunctional_Subset2_2 (1)","Resp_042","MALE","40","Default","Stimulus","Slide51 Stim6","842199","5992","","","5992","1","1","10.01","0.0306"
"Nandos_Menu_NewFunctional_Subset2_2 (1)","Resp_042","MALE","40","Default","Stimulus","Slide48 Stim5","851200","12037","","","12037","1","2","9.97","0.1021"
"Nandos_Menu_NewFunctional_Subset2_2 (1)","Resp_042","MALE","40","Default","Stimulus","Slide36 Stim1","866217","2998","","","2998","1","2","40.03","0.023"
"Nandos_Menu_NewFunctional_Subset2_2 (1)","Resp_042","MALE","40","Default","Stimulus","Slide39 Stim2","872241","12002","","","12002","1","3","15","0.0927"
"Nandos_Menu_NewFunctional_Subset2_2 (1)","Resp_042","MALE","40","Default","Stimulus","Slide60 Stim9","887294","12008","","","12008","1","3","14.99","0.0557"
"Nandos_Menu_NewFunctional_Subset2_2 (1)","Resp_042","MALE","40","Default","Stimulus","Slide66 Stim11","902279","11992","","","11992","1","3","15.01","0.0938"
"Nandos_Menu_NewFunctional_Subset2_2 (1)","Resp_042","MALE","40","Default","Stimulus","Slide45 Stim4","917396","6016","","","6016","1","2","19.95","0.1341"
"Nandos_Menu_NewFunctional_Subset2_2 (1)","Resp_042","MALE","40","Default","Stimulus","Slide57 Stim8","926429","5999","","","5999","1","2","20","0.0821"
"Nandos_Menu_NewFunctional_Subset2_2 (1)","Resp_042","MALE","40","Default","Stimulus","Slide63 Stim10","935412","11998","","","11998","1","3","15","0.0552"
"Nandos_Menu_NewFunctional_Subset2_2 (1)","Resp_044","FEMALE","40","Default","Stimulus","Slide8 NewF1","167358","46545","","","46545","0","0","0",NA
"Nandos_Menu_NewFunctional_Subset2_2 (1)","Resp_044","FEMALE","40","Default","Stimulus","Slide13 NewF2","249022","23226","","","23226","1","2","5.17","0.1072"
"Nandos_Menu_NewFunctional_Subset2_2 (1)","Resp_044","FEMALE","40","Default","Stimulus","Slide22 Item1","452776","6604","","","6604","0","0","0",NA
"Nandos_Menu_NewFunctional_Subset2_2 (1)","Resp_044","FEMALE","40","Default","Stimulus","Slide24 Item2","460470","15451","","","15451","1","1","3.88","0.0067"
"Nandos_Menu_NewFunctional_Subset2_2 (1)","Resp_044","FEMALE","40","Default","Stimulus","Slide26 Item3","476990","34187","","","34187","1","1","1.76","0.0369"
"Nandos_Menu_NewFunctional_Subset2_2 (1)","Resp_044","FEMALE","40","Default","Stimulus","Slide28 Item4","512255","5997","","","5997","0","0","0",NA
"Nandos_Menu_NewFunctional_Subset2_2 (1)","Resp_044","FEMALE","40","Default","Stimulus","Slide30 Item5","519310","5327","","","5327","0","0","0",NA
"Nandos_Menu_NewFunctional_Subset2_2 (1)","Resp_044","FEMALE","40","Default","Stimulus","Slide39 Stim2","722747","11994","","","11994","1","3","15.01","0.0792"
"Nandos_Menu_NewFunctional_Subset2_2 (1)","Resp_044","FEMALE","40","Default","Stimulus","Slide66 Stim11","736386","11997","","","11997","1","2","10","0.0577"
"Nandos_Menu_NewFunctional_Subset2_2 (1)","Resp_044","FEMALE","40","Default","Stimulus","Slide60 Stim9","749967","11998","","","11998","1","2","10","0.0184"
"Nandos_Menu_NewFunctional_Subset2_2 (1)","Resp_044","FEMALE","40","Default","Stimulus","Slide54 Stim7","763556","12000","","","12000","1","1","5","0.0107"
"Nandos_Menu_NewFunctional_Subset2_2 (1)","Resp_044","FEMALE","40","Default","Stimulus","Slide69 Stim12","777154","5993","","","5993","0","0","0",NA
"Nandos_Menu_NewFunctional_Subset2_2 (1)","Resp_044","FEMALE","40","Default","Stimulus","Slide42 Stim3","784801","5985","","","5985","0","0","0",NA
"Nandos_Menu_NewFunctional_Subset2_2 (1)","Resp_044","FEMALE","40","Default","Stimulus","Slide36 Stim1","792405","2992","","","2992","0","0","0",NA
"Nandos_Menu_NewFunctional_Subset2_2 (1)","Resp_044","FEMALE","40","Default","Stimulus","Slide57 Stim8","797008","6001","","","6001","0","0","0",NA
"Nandos_Menu_NewFunctional_Subset2_2 (1)","Resp_044","FEMALE","40","Default","Stimulus","Slide51 Stim6","804602","5997","","","5997","0","0","0",NA
"Nandos_Menu_NewFunctional_Subset2_2 (1)","Resp_044","FEMALE","40","Default","Stimulus","Slide63 Stim10","812347","11989","","","11989","0","0","0",NA
"Nandos_Menu_NewFunctional_Subset2_2 (1)","Resp_044","FEMALE","40","Default","Stimulus","Slide45 Stim4","825906","5992","","","5992","0","0","0",NA
"Nandos_Menu_NewFunctional_Subset2_2 (1)","Resp_044","FEMALE","40","Default","Stimulus","Slide48 Stim5","833545","11993","","","11993","0","0","0",NA
"Nandos_Menu_NewFunctional_Subset2_2 (1)","Resp_046","FEMALE","24","Default","Stimulus","Slide8 NewF1","255590","287687","","","287687","1","4","0.83","0.0111"
"Nandos_Menu_NewFunctional_Subset2_2 (1)","Resp_046","FEMALE","24","Default","Stimulus","Slide13 NewF2","578973","86213","","","86213","0","0","0",NA
"Nandos_Menu_NewFunctional_Subset2_2 (1)","Resp_046","FEMALE","24","Default","Stimulus","Slide22 Item1","1096590","14595","","","14595","0","0","0",NA
"Nandos_Menu_NewFunctional_Subset2_2 (1)","Resp_046","FEMALE","24","Default","Stimulus","Slide24 Item2","1112506","7999","","","7999","0","0","0",NA
"Nandos_Menu_NewFunctional_Subset2_2 (1)","Resp_046","FEMALE","24","Default","Stimulus","Slide26 Item3","1121740","49594","","","49594","0","0","0",NA
"Nandos_Menu_NewFunctional_Subset2_2 (1)","Resp_046","FEMALE","24","Default","Stimulus","Slide28 Item4","1172614","6253","","","6253","0","0","0",NA
"Nandos_Menu_NewFunctional_Subset2_2 (1)","Resp_046","FEMALE","24","Default","Stimulus","Slide30 Item5","1180137","17433","","","17433","0","0","0",NA
"Nandos_Menu_NewFunctional_Subset2_2 (1)","Resp_046","FEMALE","24","Default","Stimulus","Slide45 Stim4","1464134","5993","","","5993","0","0","0",NA
"Nandos_Menu_NewFunctional_Subset2_2 (1)","Resp_046","FEMALE","24","Default","Stimulus","Slide54 Stim7","1471997","12000","","","12000","1","1","5","0.0062"
"Nandos_Menu_NewFunctional_Subset2_2 (1)","Resp_046","FEMALE","24","Default","Stimulus","Slide69 Stim12","1485849","5991","","","5991","1","1","10.01","0.0928"
"Nandos_Menu_NewFunctional_Subset2_2 (1)","Resp_046","FEMALE","24","Default","Stimulus","Slide51 Stim6","1493719","5994","","","5994","1","1","10.01","0.0555"
"Nandos_Menu_NewFunctional_Subset2_2 (1)","Resp_046","FEMALE","24","Default","Stimulus","Slide39 Stim2","1501592","11997","","","11997","1","1","5","0.0231"
"Nandos_Menu_NewFunctional_Subset2_2 (1)","Resp_046","FEMALE","24","Default","Stimulus","Slide36 Stim1","1515532","2996","","","2996","1","1","20.02","0.0169"
"Nandos_Menu_NewFunctional_Subset2_2 (1)","Resp_046","FEMALE","24","Default","Stimulus","Slide57 Stim8","1520419","5999","","","5999","0","0","0",NA
"Nandos_Menu_NewFunctional_Subset2_2 (1)","Resp_046","FEMALE","24","Default","Stimulus","Slide63 Stim10","1528328","11994","","","11994","0","0","0",NA
"Nandos_Menu_NewFunctional_Subset2_2 (1)","Resp_046","FEMALE","24","Default","Stimulus","Slide60 Stim9","1542176","11996","","","11996","0","0","0",NA
"Nandos_Menu_NewFunctional_Subset2_2 (1)","Resp_046","FEMALE","24","Default","Stimulus","Slide42 Stim3","1556037","5989","","","5989","0","0","0",NA
"Nandos_Menu_NewFunctional_Subset2_2 (1)","Resp_046","FEMALE","24","Default","Stimulus","Slide48 Stim5","1563895","11993","","","11993","0","0","0",NA
"Nandos_Menu_NewFunctional_Subset2_2 (1)","Resp_046","FEMALE","24","Default","Stimulus","Slide66 Stim11","1577827","11997","","","11997","0","0","0",NA
"Nandos_Menu_NewFunctional_Subset2_2 (1)","Resp_048","FEMALE","45","Default","Stimulus","Slide8 NewF1","432622","192973","","","192973","1","4","1.24","0.0337"
"Nandos_Menu_NewFunctional_Subset2_2 (1)","Resp_048","FEMALE","45","Default","Stimulus","Slide13 NewF2","661733","74939","","","74939","0","0","0",NA
"Nandos_Menu_NewFunctional_Subset2_2 (1)","Resp_048","FEMALE","45","Default","Stimulus","Slide22 Item1","1167471","9243","","","9243","0","0","0",NA
"Nandos_Menu_NewFunctional_Subset2_2 (1)","Resp_048","FEMALE","45","Default","Stimulus","Slide24 Item2","1178118","54317","","","54317","0","0","0",NA
"Nandos_Menu_NewFunctional_Subset2_2 (1)","Resp_048","FEMALE","45","Default","Stimulus","Slide26 Item3","1233839","52153","","","52153","1","2","2.3","0.042"
"Nandos_Menu_NewFunctional_Subset2_2 (1)","Resp_048","FEMALE","45","Default","Stimulus","Slide28 Item4","1287495","20337","","","20337","1","1","2.95","0.0218"
"Nandos_Menu_NewFunctional_Subset2_2 (1)","Resp_048","FEMALE","45","Default","Stimulus","Slide30 Item5","1309274","9141","","","9141","1","1","6.56","0.04"
"Nandos_Menu_NewFunctional_Subset2_2 (1)","Resp_048","FEMALE","45","Default","Stimulus","Slide57 Stim8","1843420","5995","","","5995","1","1","10.01","0.0111"
"Nandos_Menu_NewFunctional_Subset2_2 (1)","Resp_048","FEMALE","45","Default","Stimulus","Slide54 Stim7","1851544","11994","","","11994","1","1","5","0.0186"
"Nandos_Menu_NewFunctional_Subset2_2 (1)","Resp_048","FEMALE","45","Default","Stimulus","Slide36 Stim1","1865648","3003","","","3003","0","0","0",NA
"Nandos_Menu_NewFunctional_Subset2_2 (1)","Resp_048","FEMALE","45","Default","Stimulus","Slide60 Stim9","1870776","11997","","","11997","1","1","5","0.0071"
"Nandos_Menu_NewFunctional_Subset2_2 (1)","Resp_048","FEMALE","45","Default","Stimulus","Slide42 Stim3","1884870","5998","","","5998","0","0","0",NA
"Nandos_Menu_NewFunctional_Subset2_2 (1)","Resp_048","FEMALE","45","Default","Stimulus","Slide51 Stim6","1892927","6002","","","6002","1","1","10","0.0266"
"Nandos_Menu_NewFunctional_Subset2_2 (1)","Resp_048","FEMALE","45","Default","Stimulus","Slide69 Stim12","1901060","5991","","","5991","1","1","10.01","0.0084"
"Nandos_Menu_NewFunctional_Subset2_2 (1)","Resp_048","FEMALE","45","Default","Stimulus","Slide48 Stim5","1909187","12012","","","12012","1","2","9.99","0.0924"
"Nandos_Menu_NewFunctional_Subset2_2 (1)","Resp_048","FEMALE","45","Default","Stimulus","Slide39 Stim2","1923370","11994","","","11994","1","2","10","0.0766"
"Nandos_Menu_NewFunctional_Subset2_2 (1)","Resp_048","FEMALE","45","Default","Stimulus","Slide63 Stim10","1937492","11996","","","11996","1","3","15.01","0.0787"
"Nandos_Menu_NewFunctional_Subset2_2 (1)","Resp_048","FEMALE","45","Default","Stimulus","Slide66 Stim11","1951605","11993","","","11993","1","3","15.01","0.1178"
"Nandos_Menu_NewFunctional_Subset2_2 (1)","Resp_048","FEMALE","45","Default","Stimulus","Slide45 Stim4","1965772","6006","","","6006","1","1","9.99","0.1425"
"Nandos_Menu_NewFunctional_Subset2_2 (1)","Resp_050","MALE","33","Default","Stimulus","Slide8 NewF1","216587","86224","","","86224","1","1","0.7","0.0067"
"Nandos_Menu_NewFunctional_Subset2_2 (1)","Resp_050","MALE","33","Default","Stimulus","Slide13 NewF2","340761","38479","","","38479","1","1","1.56","0.0075"
"Nandos_Menu_NewFunctional_Subset2_2 (1)","Resp_050","MALE","33","Default","Stimulus","Slide22 Item1","605326","23981","","","23981","1","1","2.5","0.0191"
"Nandos_Menu_NewFunctional_Subset2_2 (1)","Resp_050","MALE","33","Default","Stimulus","Slide24 Item2","631575","34842","","","34842","1","2","3.44","0.0289"
"Nandos_Menu_NewFunctional_Subset2_2 (1)","Resp_050","MALE","33","Default","Stimulus","Slide26 Item3","668666","32390","","","32390","1","1","1.85","0.0537"
"Nandos_Menu_NewFunctional_Subset2_2 (1)","Resp_050","MALE","33","Default","Stimulus","Slide28 Item4","703389","5688","","","5688","0","0","0",NA
"Nandos_Menu_NewFunctional_Subset2_2 (1)","Resp_050","MALE","33","Default","Stimulus","Slide30 Item5","711290","7107","","","7107","0","0","0",NA
"Nandos_Menu_NewFunctional_Subset2_2 (1)","Resp_050","MALE","33","Default","Stimulus","Slide66 Stim11","877912","12004","","","12004","1","2","10","0.022"
"Nandos_Menu_NewFunctional_Subset2_2 (1)","Resp_050","MALE","33","Default","Stimulus","Slide51 Stim6","893128","5986","","","5986","0","0","0",NA
"Nandos_Menu_NewFunctional_Subset2_2 (1)","Resp_050","MALE","33","Default","Stimulus","Slide60 Stim9","902427","12005","","","12005","1","1","5","0.0169"
"Nandos_Menu_NewFunctional_Subset2_2 (1)","Resp_050","MALE","33","Default","Stimulus","Slide42 Stim3","917744","6005","","","6005","0","0","0",NA
"Nandos_Menu_NewFunctional_Subset2_2 (1)","Resp_050","MALE","33","Default","Stimulus","Slide54 Stim7","927060","12011","","","12011","1","2","9.99","0.0189"
"Nandos_Menu_NewFunctional_Subset2_2 (1)","Resp_050","MALE","33","Default","Stimulus","Slide45 Stim4","942558","5998","","","5998","0","0","0",NA
"Nandos_Menu_NewFunctional_Subset2_2 (1)","Resp_050","MALE","33","Default","Stimulus","Slide39 Stim2","951977","12055","","","12055","1","1","4.98","0.0218"
"Nandos_Menu_NewFunctional_Subset2_2 (1)","Resp_050","MALE","33","Default","Stimulus","Slide69 Stim12","967391","5998","","","5998","0","0","0",NA
"Nandos_Menu_NewFunctional_Subset2_2 (1)","Resp_050","MALE","33","Default","Stimulus","Slide63 Stim10","976750","12040","","","12040","0","0","0",NA
"Nandos_Menu_NewFunctional_Subset2_2 (1)","Resp_050","MALE","33","Default","Stimulus","Slide36 Stim1","992073","3024","","","3024","1","1","19.84","0.0226"
"Nandos_Menu_NewFunctional_Subset2_2 (1)","Resp_050","MALE","33","Default","Stimulus","Slide48 Stim5","998383","11997","","","11997","0","0","0",NA
"Nandos_Menu_NewFunctional_Subset2_2 (1)","Resp_050","MALE","33","Default","Stimulus","Slide57 Stim8","1013601","6011","","","6011","1","1","9.98","0.0604"
"Nandos_Menu_NewFunctional_Subset2_2 (1)","Resp_054","MALE","28","Default","Stimulus","Slide8 NewF1","191315","42526","","","42526","0","0","0",NA
"Nandos_Menu_NewFunctional_Subset2_2 (1)","Resp_054","MALE","28","Default","Stimulus","Slide13 NewF2","269611","27053","","","27053","0","0","0",NA
"Nandos_Menu_NewFunctional_Subset2_2 (1)","Resp_054","MALE","28","Default","Stimulus","Slide22 Item1","501630","4480","","","4480","0","0","0",NA
"Nandos_Menu_NewFunctional_Subset2_2 (1)","Resp_054","MALE","28","Default","Stimulus","Slide24 Item2","507385","27378","","","27378","0","0","0",NA
"Nandos_Menu_NewFunctional_Subset2_2 (1)","Resp_054","MALE","28","Default","Stimulus","Slide26 Item3","536072","6801","","","6801","1","1","8.82","0.0431"
"Nandos_Menu_NewFunctional_Subset2_2 (1)","Resp_054","MALE","28","Default","Stimulus","Slide28 Item4","544145","5265","","","5265","0","0","0",NA
"Nandos_Menu_NewFunctional_Subset2_2 (1)","Resp_054","MALE","28","Default","Stimulus","Slide30 Item5","550714","25987","","","25987","0","0","0",NA
"Nandos_Menu_NewFunctional_Subset2_2 (1)","Resp_054","MALE","28","Default","Stimulus","Slide60 Stim9","747676","11997","","","11997","0","0","0",NA
"Nandos_Menu_NewFunctional_Subset2_2 (1)","Resp_054","MALE","28","Default","Stimulus","Slide36 Stim1","761686","3009","","","3009","0","0","0",NA
"Nandos_Menu_NewFunctional_Subset2_2 (1)","Resp_054","MALE","28","Default","Stimulus","Slide39 Stim2","766628","11992","","","11992","0","0","0",NA
"Nandos_Menu_NewFunctional_Subset2_2 (1)","Resp_054","MALE","28","Default","Stimulus","Slide69 Stim12","780501","5993","","","5993","0","0","0",NA
"Nandos_Menu_NewFunctional_Subset2_2 (1)","Resp_054","MALE","28","Default","Stimulus","Slide42 Stim3","788381","5996","","","5996","0","0","0",NA
"Nandos_Menu_NewFunctional_Subset2_2 (1)","Resp_054","MALE","28","Default","Stimulus","Slide54 Stim7","796378","11998","","","11998","0","0","0",NA
"Nandos_Menu_NewFunctional_Subset2_2 (1)","Resp_054","MALE","28","Default","Stimulus","Slide48 Stim5","810410","11990","","","11990","0","0","0",NA
"Nandos_Menu_NewFunctional_Subset2_2 (1)","Resp_054","MALE","28","Default","Stimulus","Slide51 Stim6","824294","6005","","","6005","0","0","0",NA
"Nandos_Menu_NewFunctional_Subset2_2 (1)","Resp_054","MALE","28","Default","Stimulus","Slide57 Stim8","832259","5999","","","5999","0","0","0",NA
"Nandos_Menu_NewFunctional_Subset2_2 (1)","Resp_054","MALE","28","Default","Stimulus","Slide45 Stim4","840188","6003","","","6003","0","0","0",NA
"Nandos_Menu_NewFunctional_Subset2_2 (1)","Resp_054","MALE","28","Default","Stimulus","Slide66 Stim11","848153","11996","","","11996","0","0","0",NA
"Nandos_Menu_NewFunctional_Subset2_2 (1)","Resp_054","MALE","28","Default","Stimulus","Slide63 Stim10","862073","11998","","","11998","0","0","0",NA
"Nandos_Menu_NewFunctional_Subset2_2 (1)","Resp_056","FEMALE","24","Default","Stimulus","Slide8 NewF1","200395","163763","","","163763","1","6","2.2","0.0161"
"Nandos_Menu_NewFunctional_Subset2_2 (1)","Resp_056","FEMALE","24","Default","Stimulus","Slide13 NewF2","400365","89750","","","89750","1","1","0.67","0.0124"
"Nandos_Menu_NewFunctional_Subset2_2 (1)","Resp_056","FEMALE","24","Default","Stimulus","Slide22 Item1","802689","18397","","","18397","0","0","0",NA
"Nandos_Menu_NewFunctional_Subset2_2 (1)","Resp_056","FEMALE","24","Default","Stimulus","Slide24 Item2","822559","11305","","","11305","1","1","5.31","0.0155"
"Nandos_Menu_NewFunctional_Subset2_2 (1)","Resp_056","FEMALE","24","Default","Stimulus","Slide26 Item3","835455","124799","","","124799","1","3","1.44","0.0135"
"Nandos_Menu_NewFunctional_Subset2_2 (1)","Resp_056","FEMALE","24","Default","Stimulus","Slide28 Item4","961722","5579","","","5579","1","1","10.75","0.0089"
"Nandos_Menu_NewFunctional_Subset2_2 (1)","Resp_056","FEMALE","24","Default","Stimulus","Slide30 Item5","968737","2862","","","2862","0","0","0",NA
"Nandos_Menu_NewFunctional_Subset2_2 (1)","Resp_056","FEMALE","24","Default","Stimulus","Slide42 Stim3","1144910","6009","","","6009","1","1","9.99","0.0173"
"Nandos_Menu_NewFunctional_Subset2_2 (1)","Resp_056","FEMALE","24","Default","Stimulus","Slide36 Stim1","1153206","2995","","","2995","1","1","20.03","0.0186"
"Nandos_Menu_NewFunctional_Subset2_2 (1)","Resp_056","FEMALE","24","Default","Stimulus","Slide48 Stim5","1158548","12003","","","12003","1","1","5","0.0102"
"Nandos_Menu_NewFunctional_Subset2_2 (1)","Resp_056","FEMALE","24","Default","Stimulus","Slide63 Stim10","1172689","12005","","","12005","1","2","10","0.0153"
"Nandos_Menu_NewFunctional_Subset2_2 (1)","Resp_056","FEMALE","24","Default","Stimulus","Slide45 Stim4","1186976","5995","","","5995","0","0","0",NA
"Nandos_Menu_NewFunctional_Subset2_2 (1)","Resp_056","FEMALE","24","Default","Stimulus","Slide57 Stim8","1195111","6007","","","6007","1","1","9.99","0.0138"
"Nandos_Menu_NewFunctional_Subset2_2 (1)","Resp_056","FEMALE","24","Default","Stimulus","Slide69 Stim12","1203300","5996","","","5996","0","0","0",NA
"Nandos_Menu_NewFunctional_Subset2_2 (1)","Resp_056","FEMALE","24","Default","Stimulus","Slide66 Stim11","1211601","11998","","","11998","0","0","0",NA
"Nandos_Menu_NewFunctional_Subset2_2 (1)","Resp_056","FEMALE","24","Default","Stimulus","Slide39 Stim2","1225719","12006","","","12006","1","1","5","0.0062"
"Nandos_Menu_NewFunctional_Subset2_2 (1)","Resp_056","FEMALE","24","Default","Stimulus","Slide60 Stim9","1239916","11990","","","11990","0","0","0",NA
"Nandos_Menu_NewFunctional_Subset2_2 (1)","Resp_056","FEMALE","24","Default","Stimulus","Slide54 Stim7","1254049","12002","","","12002","0","0","0",NA
"Nandos_Menu_NewFunctional_Subset2_2 (1)","Resp_056","FEMALE","24","Default","Stimulus","Slide51 Stim6","1268182","5994","","","5994","0","0","0",NA
"Nandos_Menu_NewFunctional_Subset2_2 (1)","Resp_057","FEMALE","25","Default","Stimulus","Slide8 NewF1","240804","129545","","","129545","0","0","0",NA
"Nandos_Menu_NewFunctional_Subset2_2 (1)","Resp_057","FEMALE","25","Default","Stimulus","Slide13 NewF2","405492","38288","","","38288","0","0","0",NA
"Nandos_Menu_NewFunctional_Subset2_2 (1)","Resp_057","FEMALE","25","Default","Stimulus","Slide22 Item1","707353","4919","","","4919","0","0","0",NA
"Nandos_Menu_NewFunctional_Subset2_2 (1)","Resp_057","FEMALE","25","Default","Stimulus","Slide24 Item2","713372","23583","","","23583","0","0","0",NA
"Nandos_Menu_NewFunctional_Subset2_2 (1)","Resp_057","FEMALE","25","Default","Stimulus","Slide26 Item3","738040","6487","","","6487","0","0","0",NA
"Nandos_Menu_NewFunctional_Subset2_2 (1)","Resp_057","FEMALE","25","Default","Stimulus","Slide28 Item4","745619","9546","","","9546","0","0","0",NA
"Nandos_Menu_NewFunctional_Subset2_2 (1)","Resp_057","FEMALE","25","Default","Stimulus","Slide30 Item5","756237","3051","","","3051","0","0","0",NA
"Nandos_Menu_NewFunctional_Subset2_2 (1)","Resp_057","FEMALE","25","Default","Stimulus","Slide42 Stim3","1000539","5993","","","5993","0","0","0",NA
"Nandos_Menu_NewFunctional_Subset2_2 (1)","Resp_057","FEMALE","25","Default","Stimulus","Slide39 Stim2","1008087","11993","","","11993","0","0","0",NA
"Nandos_Menu_NewFunctional_Subset2_2 (1)","Resp_057","FEMALE","25","Default","Stimulus","Slide45 Stim4","1021722","6003","","","6003","0","0","0",NA
"Nandos_Menu_NewFunctional_Subset2_2 (1)","Resp_057","FEMALE","25","Default","Stimulus","Slide54 Stim7","1029304","11995","","","11995","0","0","0",NA
"Nandos_Menu_NewFunctional_Subset2_2 (1)","Resp_057","FEMALE","25","Default","Stimulus","Slide69 Stim12","1042964","5990","","","5990","0","0","0",NA
"Nandos_Menu_NewFunctional_Subset2_2 (1)","Resp_057","FEMALE","25","Default","Stimulus","Slide63 Stim10","1050539","11996","","","11996","0","0","0",NA
"Nandos_Menu_NewFunctional_Subset2_2 (1)","Resp_057","FEMALE","25","Default","Stimulus","Slide57 Stim8","1064168","5995","","","5995","0","0","0",NA
"Nandos_Menu_NewFunctional_Subset2_2 (1)","Resp_057","FEMALE","25","Default","Stimulus","Slide51 Stim6","1071757","5995","","","5995","0","0","0",NA
"Nandos_Menu_NewFunctional_Subset2_2 (1)","Resp_057","FEMALE","25","Default","Stimulus","Slide36 Stim1","1079350","2996","","","2996","0","0","0",NA
"Nandos_Menu_NewFunctional_Subset2_2 (1)","Resp_057","FEMALE","25","Default","Stimulus","Slide60 Stim9","1083932","11994","","","11994","0","0","0",NA
"Nandos_Menu_NewFunctional_Subset2_2 (1)","Resp_057","FEMALE","25","Default","Stimulus","Slide48 Stim5","1097501","12008","","","12008","0","0","0",NA
"Nandos_Menu_NewFunctional_Subset2_2 (1)","Resp_057","FEMALE","25","Default","Stimulus","Slide66 Stim11","1111116","11995","","","11995","0","0","0",NA
"Nandos_Menu_NewFunctional_Subset2_2 (1)","Resp_058","MALE","21","Default","Stimulus","Slide8 NewF1","304576","246156","","","246156","1","54","13.16","0.0378"
"Nandos_Menu_NewFunctional_Subset2_2 (1)","Resp_058","MALE","21","Default","Stimulus","Slide13 NewF2","587909","57640","","","57640","1","11","11.45","0.0381"
"Nandos_Menu_NewFunctional_Subset2_2 (1)","Resp_058","MALE","21","Default","Stimulus","Slide22 Item1","998864","85358","","","85358","1","17","11.95","0.0282"
"Nandos_Menu_NewFunctional_Subset2_2 (1)","Resp_058","MALE","21","Default","Stimulus","Slide24 Item2","1086034","29592","","","29592","1","5","10.14","0.0163"
"Nandos_Menu_NewFunctional_Subset2_2 (1)","Resp_058","MALE","21","Default","Stimulus","Slide26 Item3","1117560","17719","","","17719","1","3","10.16","0.0187"
"Nandos_Menu_NewFunctional_Subset2_2 (1)","Resp_058","MALE","21","Default","Stimulus","Slide28 Item4","1137059","15271","","","15271","1","2","7.86","0.0128"
"Nandos_Menu_NewFunctional_Subset2_2 (1)","Resp_058","MALE","21","Default","Stimulus","Slide30 Item5","1154240","52122","","","52122","1","9","10.36","0.0159"
"Nandos_Menu_NewFunctional_Subset2_2 (1)","Resp_058","MALE","21","Default","Stimulus","Slide45 Stim4","1510423","6003","","","6003","0","0","0",NA
"Nandos_Menu_NewFunctional_Subset2_2 (1)","Resp_058","MALE","21","Default","Stimulus","Slide36 Stim1","1519187","3000","","","3000","0","0","0",NA
"Nandos_Menu_NewFunctional_Subset2_2 (1)","Resp_058","MALE","21","Default","Stimulus","Slide66 Stim11","1524867","12009","","","12009","1","1","5","0.0102"
"Nandos_Menu_NewFunctional_Subset2_2 (1)","Resp_058","MALE","21","Default","Stimulus","Slide54 Stim7","1539635","12009","","","12009","1","1","5","0.0306"
"Nandos_Menu_NewFunctional_Subset2_2 (1)","Resp_058","MALE","21","Default","Stimulus","Slide39 Stim2","1554395","12018","","","12018","1","2","9.98","0.0128"
"Nandos_Menu_NewFunctional_Subset2_2 (1)","Resp_058","MALE","21","Default","Stimulus","Slide57 Stim8","1569249","6025","","","6025","0","0","0",NA
"Nandos_Menu_NewFunctional_Subset2_2 (1)","Resp_058","MALE","21","Default","Stimulus","Slide48 Stim5","1578100","11995","","","11995","1","2","10","0.0204"
"Nandos_Menu_NewFunctional_Subset2_2 (1)","Resp_058","MALE","21","Default","Stimulus","Slide69 Stim12","1592798","6001","","","6001","0","0","0",NA
"Nandos_Menu_NewFunctional_Subset2_2 (1)","Resp_058","MALE","21","Default","Stimulus","Slide51 Stim6","1601533","6011","","","6011","1","1","9.98","0.0357"
"Nandos_Menu_NewFunctional_Subset2_2 (1)","Resp_058","MALE","21","Default","Stimulus","Slide42 Stim3","1610330","6011","","","6011","0","0","0",NA
"Nandos_Menu_NewFunctional_Subset2_2 (1)","Resp_058","MALE","21","Default","Stimulus","Slide60 Stim9","1619013","12027","","","12027","1","2","9.98","0.0255"
"Nandos_Menu_NewFunctional_Subset2_2 (1)","Resp_058","MALE","21","Default","Stimulus","Slide63 Stim10","1633928","11997","","","11997","1","2","10","0.0179"
"Nandos_Menu_NewFunctional_Subset2_2 (1)","Resp_060","FEMALE","31","Default","Stimulus","Slide8 NewF1","192023","99021","","","99021","0","0","0",NA
"Nandos_Menu_NewFunctional_Subset2_2 (1)","Resp_060","FEMALE","31","Default","Stimulus","Slide13 NewF2","326248","38215","","","38215","0","0","0",NA
"Nandos_Menu_NewFunctional_Subset2_2 (1)","Resp_060","FEMALE","31","Default","Stimulus","Slide22 Item1","575148","5966","","","5966","0","0","0",NA
"Nandos_Menu_NewFunctional_Subset2_2 (1)","Resp_060","FEMALE","31","Default","Stimulus","Slide24 Item2","582175","45162","","","45162","0","0","0",NA
"Nandos_Menu_NewFunctional_Subset2_2 (1)","Resp_060","FEMALE","31","Default","Stimulus","Slide26 Item3","628426","8987","","","8987","0","0","0",NA
"Nandos_Menu_NewFunctional_Subset2_2 (1)","Resp_060","FEMALE","31","Default","Stimulus","Slide28 Item4","638492","5801","","","5801","0","0","0",NA
"Nandos_Menu_NewFunctional_Subset2_2 (1)","Resp_060","FEMALE","31","Default","Stimulus","Slide30 Item5","645402","8705","","","8705","0","0","0",NA
"Nandos_Menu_NewFunctional_Subset2_2 (1)","Resp_060","FEMALE","31","Default","Stimulus","Slide54 Stim7","847614","11994","","","11994","0","0","0",NA
"Nandos_Menu_NewFunctional_Subset2_2 (1)","Resp_060","FEMALE","31","Default","Stimulus","Slide51 Stim6","861219","5998","","","5998","0","0","0",NA
"Nandos_Menu_NewFunctional_Subset2_2 (1)","Resp_060","FEMALE","31","Default","Stimulus","Slide36 Stim1","868815","2998","","","2998","0","0","0",NA
"Nandos_Menu_NewFunctional_Subset2_2 (1)","Resp_060","FEMALE","31","Default","Stimulus","Slide48 Stim5","873401","11988","","","11988","0","0","0",NA
"Nandos_Menu_NewFunctional_Subset2_2 (1)","Resp_060","FEMALE","31","Default","Stimulus","Slide45 Stim4","886985","6000","","","6000","0","0","0",NA
"Nandos_Menu_NewFunctional_Subset2_2 (1)","Resp_060","FEMALE","31","Default","Stimulus","Slide66 Stim11","894600","11992","","","11992","0","0","0",NA
"Nandos_Menu_NewFunctional_Subset2_2 (1)","Resp_060","FEMALE","31","Default","Stimulus","Slide39 Stim2","908209","11995","","","11995","0","0","0",NA
"Nandos_Menu_NewFunctional_Subset2_2 (1)","Resp_060","FEMALE","31","Default","Stimulus","Slide57 Stim8","921793","5994","","","5994","0","0","0",NA
"Nandos_Menu_NewFunctional_Subset2_2 (1)","Resp_060","FEMALE","31","Default","Stimulus","Slide69 Stim12","929392","5997","","","5997","0","0","0",NA
"Nandos_Menu_NewFunctional_Subset2_2 (1)","Resp_060","FEMALE","31","Default","Stimulus","Slide42 Stim3","937007","5994","","","5994","0","0","0",NA
"Nandos_Menu_NewFunctional_Subset2_2 (1)","Resp_060","FEMALE","31","Default","Stimulus","Slide60 Stim9","944609","11998","","","11998","0","0","0",NA
"Nandos_Menu_NewFunctional_Subset2_2 (1)","Resp_060","FEMALE","31","Default","Stimulus","Slide63 Stim10","958223","11995","","","11995","0","0","0",NA
"Nandos_Menu_NewFunctional_Subset2_2 (1)","Resp_062","FEMALE","31","Default","Stimulus","Slide8 NewF1","212298","59415","","","59415","1","1","1.01","0.0124"
"Nandos_Menu_NewFunctional_Subset2_2 (1)","Resp_062","FEMALE","31","Default","Stimulus","Slide13 NewF2","307405","31276","","","31276","0","0","0",NA
"Nandos_Menu_NewFunctional_Subset2_2 (1)","Resp_062","FEMALE","31","Default","Stimulus","Slide22 Item1","563249","7433","","","7433","0","0","0",NA
"Nandos_Menu_NewFunctional_Subset2_2 (1)","Resp_062","FEMALE","31","Default","Stimulus","Slide24 Item2","571939","11397","","","11397","1","1","5.26","0.0067"
"Nandos_Menu_NewFunctional_Subset2_2 (1)","Resp_062","FEMALE","31","Default","Stimulus","Slide26 Item3","584590","26195","","","26195","1","1","2.29","0.0231"
"Nandos_Menu_NewFunctional_Subset2_2 (1)","Resp_062","FEMALE","31","Default","Stimulus","Slide28 Item4","612093","3164","","","3164","1","1","18.96","0.0204"
"Nandos_Menu_NewFunctional_Subset2_2 (1)","Resp_062","FEMALE","31","Default","Stimulus","Slide30 Item5","616515","3718","","","3718","0","0","0",NA
"Nandos_Menu_NewFunctional_Subset2_2 (1)","Resp_062","FEMALE","31","Default","Stimulus","Slide48 Stim5","817208","11990","","","11990","0","0","0",NA
"Nandos_Menu_NewFunctional_Subset2_2 (1)","Resp_062","FEMALE","31","Default","Stimulus","Slide69 Stim12","831141","5998","","","5998","0","0","0",NA
"Nandos_Menu_NewFunctional_Subset2_2 (1)","Resp_062","FEMALE","31","Default","Stimulus","Slide51 Stim6","839074","6000","","","6000","0","0","0",NA
"Nandos_Menu_NewFunctional_Subset2_2 (1)","Resp_062","FEMALE","31","Default","Stimulus","Slide45 Stim4","846938","5998","","","5998","0","0","0",NA
"Nandos_Menu_NewFunctional_Subset2_2 (1)","Resp_062","FEMALE","31","Default","Stimulus","Slide42 Stim3","854849","5998","","","5998","0","0","0",NA
"Nandos_Menu_NewFunctional_Subset2_2 (1)","Resp_062","FEMALE","31","Default","Stimulus","Slide54 Stim7","862773","11990","","","11990","0","0","0",NA
"Nandos_Menu_NewFunctional_Subset2_2 (1)","Resp_062","FEMALE","31","Default","Stimulus","Slide66 Stim11","876731","12001","","","12001","0","0","0",NA
"Nandos_Menu_NewFunctional_Subset2_2 (1)","Resp_062","FEMALE","31","Default","Stimulus","Slide39 Stim2","890638","11998","","","11998","0","0","0",NA
"Nandos_Menu_NewFunctional_Subset2_2 (1)","Resp_062","FEMALE","31","Default","Stimulus","Slide63 Stim10","904521","11995","","","11995","0","0","0",NA
"Nandos_Menu_NewFunctional_Subset2_2 (1)","Resp_062","FEMALE","31","Default","Stimulus","Slide60 Stim9","918370","12000","","","12000","0","0","0",NA
"Nandos_Menu_NewFunctional_Subset2_2 (1)","Resp_062","FEMALE","31","Default","Stimulus","Slide36 Stim1","932301","2991","","","2991","0","0","0",NA
"Nandos_Menu_NewFunctional_Subset2_2 (1)","Resp_062","FEMALE","31","Default","Stimulus","Slide57 Stim8","937201","6004","","","6004","0","0","0",NA
"Nandos_Menu_NewFunctional_Subset2_2 (1)","Resp_064","FEMALE","49","Default","Stimulus","Slide8 NewF1","302155","96989","","","96989","0","0","0",NA
"Nandos_Menu_NewFunctional_Subset2_2 (1)","Resp_064","FEMALE","49","Default","Stimulus","Slide13 NewF2","434292","39816","","","39816","0","0","0",NA
"Nandos_Menu_NewFunctional_Subset2_2 (1)","Resp_064","FEMALE","49","Default","Stimulus","Slide22 Item1","903843","50762","","","50762","0","0","0",NA
"Nandos_Menu_NewFunctional_Subset2_2 (1)","Resp_064","FEMALE","49","Default","Stimulus","Slide24 Item2","955674","14560","","","14560","0","0","0",NA
"Nandos_Menu_NewFunctional_Subset2_2 (1)","Resp_064","FEMALE","49","Default","Stimulus","Slide26 Item3","971330","14461","","","14461","0","0","0",NA
"Nandos_Menu_NewFunctional_Subset2_2 (1)","Resp_064","FEMALE","49","Default","Stimulus","Slide28 Item4","986912","6516","","","6516","0","0","0",NA
"Nandos_Menu_NewFunctional_Subset2_2 (1)","Resp_064","FEMALE","49","Default","Stimulus","Slide30 Item5","994512","4744","","","4744","0","0","0",NA
"Nandos_Menu_NewFunctional_Subset2_2 (1)","Resp_064","FEMALE","49","Default","Stimulus","Slide45 Stim4","1293907","5995","","","5995","0","0","0",NA
"Nandos_Menu_NewFunctional_Subset2_2 (1)","Resp_064","FEMALE","49","Default","Stimulus","Slide69 Stim12","1301508","5991","","","5991","0","0","0",NA
"Nandos_Menu_NewFunctional_Subset2_2 (1)","Resp_064","FEMALE","49","Default","Stimulus","Slide39 Stim2","1309080","12001","","","12001","0","0","0",NA
"Nandos_Menu_NewFunctional_Subset2_2 (1)","Resp_064","FEMALE","49","Default","Stimulus","Slide42 Stim3","1322658","5996","","","5996","0","0","0",NA
"Nandos_Menu_NewFunctional_Subset2_2 (1)","Resp_064","FEMALE","49","Default","Stimulus","Slide63 Stim10","1330270","11991","","","11991","0","0","0",NA
"Nandos_Menu_NewFunctional_Subset2_2 (1)","Resp_064","FEMALE","49","Default","Stimulus","Slide51 Stim6","1343845","5995","","","5995","0","0","0",NA
"Nandos_Menu_NewFunctional_Subset2_2 (1)","Resp_064","FEMALE","49","Default","Stimulus","Slide48 Stim5","1351423","12002","","","12002","0","0","0",NA
"Nandos_Menu_NewFunctional_Subset2_2 (1)","Resp_064","FEMALE","49","Default","Stimulus","Slide57 Stim8","1365031","6000","","","6000","0","0","0",NA
"Nandos_Menu_NewFunctional_Subset2_2 (1)","Resp_064","FEMALE","49","Default","Stimulus","Slide54 Stim7","1372625","12002","","","12002","0","0","0",NA
"Nandos_Menu_NewFunctional_Subset2_2 (1)","Resp_064","FEMALE","49","Default","Stimulus","Slide36 Stim1","1386253","2991","","","2991","0","0","0",NA
"Nandos_Menu_NewFunctional_Subset2_2 (1)","Resp_064","FEMALE","49","Default","Stimulus","Slide66 Stim11","1390844","12002","","","12002","0","0","0",NA
"Nandos_Menu_NewFunctional_Subset2_2 (1)","Resp_064","FEMALE","49","Default","Stimulus","Slide60 Stim9","1404453","11996","","","11996","0","0","0",NA
"Nandos_Menu_NewFunctional_Subset2_2 (1)","Resp_066","FEMALE","49","Default","Stimulus","Slide8 NewF1","281391","116292","","","116292","1","5","2.58","0.2307"
"Nandos_Menu_NewFunctional_Subset2_2 (1)","Resp_066","FEMALE","49","Default","Stimulus","Slide13 NewF2","432800","36697","","","36697","0","0","0",NA
"Nandos_Menu_NewFunctional_Subset2_2 (1)","Resp_066","FEMALE","49","Default","Stimulus","Slide22 Item1","852427","54203","","","54203","1","3","3.32","0.0147"
"Nandos_Menu_NewFunctional_Subset2_2 (1)","Resp_066","FEMALE","49","Default","Stimulus","Slide24 Item2","907684","13521","","","13521","0","0","0",NA
"Nandos_Menu_NewFunctional_Subset2_2 (1)","Resp_066","FEMALE","49","Default","Stimulus","Slide26 Item3","922289","9401","","","9401","0","0","0",NA
"Nandos_Menu_NewFunctional_Subset2_2 (1)","Resp_066","FEMALE","49","Default","Stimulus","Slide28 Item4","932733","10940","","","10940","0","0","0",NA
"Nandos_Menu_NewFunctional_Subset2_2 (1)","Resp_066","FEMALE","49","Default","Stimulus","Slide30 Item5","944743","8261","","","8261","0","0","0",NA
"Nandos_Menu_NewFunctional_Subset2_2 (1)","Resp_066","FEMALE","49","Default","Stimulus","Slide42 Stim3","1200051","5997","","","5997","1","1","10","0.0102"
"Nandos_Menu_NewFunctional_Subset2_2 (1)","Resp_066","FEMALE","49","Default","Stimulus","Slide63 Stim10","1207619","11990","","","11990","1","1","5","0.0129"
"Nandos_Menu_NewFunctional_Subset2_2 (1)","Resp_066","FEMALE","49","Default","Stimulus","Slide39 Stim2","1221277","11991","","","11991","1","2","10.01","0.0764"
"Nandos_Menu_NewFunctional_Subset2_2 (1)","Resp_066","FEMALE","49","Default","Stimulus","Slide36 Stim1","1234865","2996","","","2996","0","0","0",NA
"Nandos_Menu_NewFunctional_Subset2_2 (1)","Resp_066","FEMALE","49","Default","Stimulus","Slide60 Stim9","1239430","11992","","","11992","0","0","0",NA
"Nandos_Menu_NewFunctional_Subset2_2 (1)","Resp_066","FEMALE","49","Default","Stimulus","Slide57 Stim8","1253070","5993","","","5993","0","0","0",NA
"Nandos_Menu_NewFunctional_Subset2_2 (1)","Resp_066","FEMALE","49","Default","Stimulus","Slide51 Stim6","1260630","5996","","","5996","1","1","10.01","0.0124"
"Nandos_Menu_NewFunctional_Subset2_2 (1)","Resp_066","FEMALE","49","Default","Stimulus","Slide69 Stim12","1268211","5995","","","5995","0","0","0",NA
"Nandos_Menu_NewFunctional_Subset2_2 (1)","Resp_066","FEMALE","49","Default","Stimulus","Slide48 Stim5","1275834","11995","","","11995","0","0","0",NA
"Nandos_Menu_NewFunctional_Subset2_2 (1)","Resp_066","FEMALE","49","Default","Stimulus","Slide54 Stim7","1289411","12002","","","12002","1","1","5","0.0266"
"Nandos_Menu_NewFunctional_Subset2_2 (1)","Resp_066","FEMALE","49","Default","Stimulus","Slide66 Stim11","1303019","12001","","","12001","0","0","0",NA
"Nandos_Menu_NewFunctional_Subset2_2 (1)","Resp_066","FEMALE","49","Default","Stimulus","Slide45 Stim4","1316589","5998","","","5998","0","0","0",NA
