,Unnamed: 0,respondent,resp_id_old,subset,subset_old,survey_immediate_start,sns_filename_x,sns_findSpecific_Item1_RT,sns_findSpecific_Item1_AOISelected,sns_findSpecific_Item1_AOIAccuracy,sns_findSpecific_Item1_FixationCount,sns_findSpecific_Item2_RT,sns_findSpecific_Item2_AOISelected,sns_findSpecific_Item2_AOIAccuracy,sns_findSpecific_Item2_FixationCount,sns_findSpecific_Item3_RT,sns_findSpecific_Item3_AOISelected,sns_findSpecific_Item3_AOIAccuracy,sns_findSpecific_Item3_FixationCount,sns_findSpecific_Item4_RT,sns_findSpecific_Item4_AOISelected,sns_findSpecific_Item4_AOIAccuracy,sns_findSpecific_Item4_FixationCount,sns_findSpecific_Item5_RT,sns_findSpecific_Item5_AOISelected,sns_findSpecific_Item5_AOIAccuracy,sns_findSpecific_Item5_FixationCount,sns_findSpecific_Item1_subjUndiscovered,sns_findSpecific_Item2_subjUndiscovered,sns_findSpecific_Item3_subjUndiscovered,sns_findSpecific_Item4_subjUndiscovered,sns_findSpecific_Item5_subjUndiscovered,sns_findAnything_BackPage_RT,sns_findAnything_BackPage_AOISelected,sns_findAnything_BackPage_AOIAccuracy,sns_findAnything_BackPage_FixationCount,sns_findAnything_FrontPage_RT,sns_findAnything_FrontPage_AOISelected,sns_findAnything_FrontPage_AOIAccuracy,sns_findAnything_FrontPage_FixationCount,iam_findSpecific_Item1_ClickAccurate,iam_findSpecific_Item2_ClickAccurate,iam_findSpecific_Item3_ClickAccurate,iam_findSpecific_Item4_ClickAccurate,iam_findSpecific_Item5_ClickAccurate,iam_findAnything_FrontPage_Undiscovered_TTFF,iam_findAnything_FrontPage_Undiscovered_TFD,iam_findAnything_FrontPage_Undiscovered_FixationCount,iam_findAnything_BackPage_Undiscovered_TTFF,iam_findAnything_BackPage_Undiscovered_TFD,iam_findAnything_BackPage_Undiscovered_FixationCount,iam_findAnything_FrontPage_SubjUndiscovered_TTFF,iam_findAnything_FrontPage_SubjUndiscovered_TFD,iam_findAnything_FrontPage_SubjUndiscovered_FixationCount,iam_findAnything_BackPage_SubjUndiscovered_TTFF,iam_findAnything_BackPage_SubjUndiscovered_TFD,iam_findAnything_BackPage_SubjUndiscovered_FixationCount,iam_standard_Slide39 Stim2_HighGP_1/4 Chicken_TTFF,iam_standard_Slide39 Stim2_HighGP_1/4 Chicken_TFD,iam_standard_Slide39 Stim2_HighGP_Full Chicken_TTFF,iam_standard_Slide39 Stim2_HighGP_Full Chicken_TFD,iam_standard_Slide39 Stim2_HighGP_Bowls and Salads_TTFF,iam_standard_Slide39 Stim2_HighGP_Bowls and Salads_TFD,iam_standard_Slide39 Stim2_HighGP_Sides_TTFF,iam_standard_Slide39 Stim2_HighGP_Sides_TFD,iam_standard_Slide39 Stim2_HighGP_1/2 Chicken_TTFF,iam_standard_Slide39 Stim2_HighGP_1/2 Chicken_TFD,iam_standard_Slide39 Stim2_HighGP_Sosaties_TTFF,iam_standard_Slide39 Stim2_HighGP_Sosaties_TFD,iam_standard_Slide48 Stim5_HighGP_1/4 Chicken_TTFF,iam_standard_Slide48 Stim5_HighGP_1/4 Chicken_TFD,iam_standard_Slide48 Stim5_HighGP_Full Chicken_TTFF,iam_standard_Slide48 Stim5_HighGP_Full Chicken_TFD,iam_standard_Slide48 Stim5_HighGP_Bowls and Salads_TTFF,iam_standard_Slide48 Stim5_HighGP_Bowls and Salads_TFD,iam_standard_Slide48 Stim5_HighGP_Sides_TTFF,iam_standard_Slide48 Stim5_HighGP_Sides_TFD,iam_standard_Slide48 Stim5_HighGP_1/2 Chicken_TTFF,iam_standard_Slide48 Stim5_HighGP_1/2 Chicken_TFD,iam_standard_Slide48 Stim5_HighGP_Sosaties_TTFF,iam_standard_Slide48 Stim5_HighGP_Sosaties_TFD,iam_standard_Slide42 Stim3_HighGP_1/4 Chicken_TTFF,iam_standard_Slide42 Stim3_HighGP_1/4 Chicken_TFD,iam_standard_Slide42 Stim3_HighGP_Full Chicken_TTFF,iam_standard_Slide42 Stim3_HighGP_Full Chicken_TFD,iam_standard_Slide42 Stim3_HighGP_Bowls and Salads_TTFF,iam_standard_Slide42 Stim3_HighGP_Bowls and Salads_TFD,iam_standard_Slide42 Stim3_HighGP_Sides_TTFF,iam_standard_Slide42 Stim3_HighGP_Sides_TFD,iam_standard_Slide42 Stim3_HighGP_1/2 Chicken_TTFF,iam_standard_Slide42 Stim3_HighGP_1/2 Chicken_TFD,iam_standard_Slide42 Stim3_HighGP_Sosaties_TTFF,iam_standard_Slide42 Stim3_HighGP_Sosaties_TFD,iam_standard_Slide51 Stim6_HighGP_1/4 Chicken_TTFF,iam_standard_Slide51 Stim6_HighGP_1/4 Chicken_TFD,iam_standard_Slide51 Stim6_HighGP_Full Chicken_TTFF,iam_standard_Slide51 Stim6_HighGP_Full Chicken_TFD,iam_standard_Slide51 Stim6_HighGP_Bowls and Salads_TTFF,iam_standard_Slide51 Stim6_HighGP_Bowls and Salads_TFD,iam_standard_Slide51 Stim6_HighGP_Sides_TTFF,iam_standard_Slide51 Stim6_HighGP_Sides_TFD,iam_standard_Slide51 Stim6_HighGP_1/2 Chicken_TTFF,iam_standard_Slide51 Stim6_HighGP_1/2 Chicken_TFD,iam_standard_Slide51 Stim6_HighGP_Sosaties_TTFF,iam_standard_Slide51 Stim6_HighGP_Sosaties_TFD,iam_standard_Slide39 Stim2_NewGP_Garlic/Nandos Roll_TTFF,iam_standard_Slide39 Stim2_NewGP_Garlic/Nandos Roll_TFD,iam_standard_Slide39 Stim2_NewGP_Strips and Rice_TTFF,iam_standard_Slide39 Stim2_NewGP_Strips and Rice_TFD,iam_standard_Slide39 Stim2_NewGP_All-in-one bowl_TTFF,iam_standard_Slide39 Stim2_NewGP_All-in-one bowl_TFD,iam_standard_Slide39 Stim2_NewGP_Avo and Halloumi bowl_TTFF,iam_standard_Slide39 Stim2_NewGP_Avo and Halloumi bowl_TFD,iam_standard_Slide39 Stim2_NewGP_Strips Veg and Rice_TTFF,iam_standard_Slide39 Stim2_NewGP_Strips Veg and Rice_TFD,iam_standard_Slide48 Stim5_NewGP_Garlic/Nandos Roll_TTFF,iam_standard_Slide48 Stim5_NewGP_Garlic/Nandos Roll_TFD,iam_standard_Slide48 Stim5_NewGP_Strips and Rice_TTFF,iam_standard_Slide48 Stim5_NewGP_Strips and Rice_TFD,iam_standard_Slide48 Stim5_NewGP_All-in-one bowl_TTFF,iam_standard_Slide48 Stim5_NewGP_All-in-one bowl_TFD,iam_standard_Slide48 Stim5_NewGP_Avo and Halloumi bowl_TTFF,iam_standard_Slide48 Stim5_NewGP_Avo and Halloumi bowl_TFD,iam_standard_Slide48 Stim5_NewGP_Strips Veg and Rice_TTFF,iam_standard_Slide48 Stim5_NewGP_Strips Veg and Rice_TFD,iam_standard_Slide42 Stim3_NewGP_Garlic/Nandos Roll_TTFF,iam_standard_Slide42 Stim3_NewGP_Garlic/Nandos Roll_TFD,iam_standard_Slide42 Stim3_NewGP_Strips and Rice_TTFF,iam_standard_Slide42 Stim3_NewGP_Strips and Rice_TFD,iam_standard_Slide42 Stim3_NewGP_All-in-one bowl_TTFF,iam_standard_Slide42 Stim3_NewGP_All-in-one bowl_TFD,iam_standard_Slide42 Stim3_NewGP_Avo and Halloumi bowl_TTFF,iam_standard_Slide42 Stim3_NewGP_Avo and Halloumi bowl_TFD,iam_standard_Slide42 Stim3_NewGP_Strips Veg and Rice_TTFF,iam_standard_Slide42 Stim3_NewGP_Strips Veg and Rice_TFD,iam_standard_Slide51 Stim6_NewGP_Garlic/Nandos Roll_TTFF,iam_standard_Slide51 Stim6_NewGP_Garlic/Nandos Roll_TFD,iam_standard_Slide51 Stim6_NewGP_Strips and Rice_TTFF,iam_standard_Slide51 Stim6_NewGP_Strips and Rice_TFD,iam_standard_Slide51 Stim6_NewGP_All-in-one bowl_TTFF,iam_standard_Slide51 Stim6_NewGP_All-in-one bowl_TFD,iam_standard_Slide51 Stim6_NewGP_Avo and Halloumi bowl_TTFF,iam_standard_Slide51 Stim6_NewGP_Avo and Halloumi bowl_TFD,iam_standard_Slide51 Stim6_NewGP_Strips Veg and Rice_TTFF,iam_standard_Slide51 Stim6_NewGP_Strips Veg and Rice_TFD
0,0,1,5,1,Nandos_Menu_Current_Subset1_2,05/19/2025 1:13:53 PM,014_Resp_005.csv,5859.2224,Item_17,4.0,20.0,8255.2638,Item_17,4.0,23.0,59601.4521,Item_84,4,153.0,6246.9479,Item_10,4.0,19.0,8033.2094,Item_46,4.0,18.0,0.0,1.0,0.0,1.0,1.0,53286.635,Item_26,4,131,111714.612,Item_65,3,275,,,,,,1661.15,39005.3,10.0,335.13,44518.99,15.0,5458.44,29012.489999999998,4.0,23085.44,13499.23,3.0,,,,,,,,,,,,,,,,,4525.61,233.16,9738.52,632.88,,,,,,,,,,,,,,,,,,,,,,,,,,,,,,,,,,,,,,,,,11537.23,116.57,4525.61,233.16,,,,,,,,,,,,,,,,,,,,,,,,
1,1,2,6,1,Nandos_Menu_Current_Subset1,05/19/2025 1:57:44 PM,003_Resp_006 (3).csv,28479.0846,Item_74,3.0,21.0,7262.4763,Item_03,4.0,16.0,32570.361,,3,16.0,5785.1189,Item_70,4.0,19.0,4191.6719,,2.0,,0.0,0.0,0.0,1.0,0.0,0.0,0,0,0,36277.2713,Item_15,3,68,,,,,,8695.25,17504.01,11.0,20099.29,5595.93,9.0,9144.94,5496.0,3.0,20532.32,99.94,1.0,,,,,,,,,,,,,,,,,,,,,,,,,,,,,,,,,,,,,,,,,,,,,,,,,,,,,,,,,,,,,,,,,,,,,,,,,,,,,,,,,,,,,,,,
2,2,3,8,1,Nandos_Menu_Current_Subset1_2,05/19/2025 2:17:19 PM,013_Resp_008.csv,25746.1085,Item_73,4.0,67.0,67967.8263,Item_17,3.0,84.0,37120.655,Item_03,3,42.0,9134.4821,Item_10,4.0,14.0,5571.0546,Item_30,3.0,11.0,0.0,1.0,0.0,1.0,1.0,92199.5613,Visual_14,3,178,177663.5814,Item_78,4,407,,,,,,1501.26,73614.12999999999,15.0,0.0,49722.9,17.0,1501.26,30727.989999999998,5.0,241.29,11458.44,3.0,7101.5,416.37,5086.28,241.495,2538.4,932.365,,,6102.21,1015.94,8450.53,924.335,,,5901.77,499.64,,,,,7600.55,133.24,,,,,,,,,,,,,,,,,,,,,,,,,,,,,,,,,2538.4,915.71,,,,,,,,,,,,,,,,,,,,,,,,,,,,,,,,
3,3,4,10,1,Nandos_Menu_Current_Subset1,05/19/2025 2:58:44 PM,004_Resp_010 (3).csv,13067.8902,Item_73,4.0,27.0,,,,,61147.5715,Item_78,4,167.0,,,,,,,,,0.0,0.0,0.0,1.0,0.0,16925.2591,Item_98,4,37,18932.6159,Item_15,3,38,,,,,,7501.05,10825.59,4.0,1521.15,6529.24,3.0,,0.0,0.0,,0.0,0.0,,,2820.88,199.86,10332.14,266.47,,,,,,,2254.16,166.55,11031.17,349.75,,,,,2020.98,299.78999999999996,,,,,,,,,,,,,,,,,,,,,,,,,,,6235.1,266.46,,,,,,,,,,,,,,,,,,,,,,,,,,,,,,,,,,,,,,
4,4,5,39,2,Nandos_Menu_NewFunctional_Subset2_2,05/19/2025 3:10:27 PM,012_Resp_039.csv,46615.9442,Item_65,3.0,130.0,39214.8979,Item_69,4.0,116.0,20445.8101,,4,60.0,4274.9225,Item_10,4.0,8.0,41698.316,Item_46,3.0,109.0,1.0,1.0,0.0,1.0,1.0,18331.6336,Item_10,3,37,56360.7311,Heading_08,4,162,,,,,,2075.58,1898.6299999999999,7.0,,0.0,0.0,2075.58,882.6899999999999,5.0,,0.0,0.0,8145.79,416.37,,,3282.6,732.815,467.95,299.79,,,,,,,,,7796.38,333.1,6730.49,477.43,,,1584.18,149.89,,,,,,,,,,,,,,,,,,,,,,,,,,,,,3282.6,1815.39,10210.98,349.75,,,,,,,,,,,,,,,,,,,,,,,,,,,,,,,,
5,5,6,7,1,Nandos_Menu_Current_Subset1,05/19/2025 4:07:46 PM,005_Resp_007 (3).csv,180124.0103,Item_17,4.0,259.0,89303.3248,Item_06,3.0,139.0,34447.7608,Item_51,4,44.0,15482.6329,Item_70,4.0,40.0,15024.7941,Item_30,4.0,26.0,0.0,1.0,0.0,1.0,0.0,200718.054,Item_109,3,342,164070.3832,Item_03,4,313,,,,,,2336.1,45733.8,16.0,1581.18,64486.91,17.0,2336.1,32426.68,9.0,113751.16,3930.49,1.0,,,,,8247.27,149.89,,,,,,,,,,,,,,,,,,,,,,,,,,,,,,,,,,,,,,,,,,,,,,,8247.27,149.89,,,,,,,,,,,,,,,,,,,,,,,,,,,,,,,,,,
6,6,7,1,1,Nandos_Menu_Current_Subset1,05/19/2025 9:40:05 AM,001_Resp_001.csv,13950.7355,Item_16,3.0,,25601.3658,Item_17,3.0,,10768.3919,Item_60,3,,6972.9638,Item_10,3.0,,4008.7349,Item_30,2.0,,,,,,,35222.7065,Item_98,3,0,21956.3804,Item_86 dwelled on; Item_31 dwelled on; Item_86 dwelled on (1); Item_31 dwelled on (1),2,0,,,,,,,,,,,,,,,,,,,,,,,,,,,,,,,,,,,,,,,,,,,,,,,,,,,,,,,,,,,,,,,,,,,,,,,,,,,,,,,,,,,,,,,,,,,,,,,,,,,,,,,,,
7,7,8,2,1,Nandos_Menu_Current_Subset1,05/19/2025 9:44:06 AM,001_Resp_002 (3).csv,21159.1792,Item_03,4.0,61.0,18592.4763,Item_73,4.0,54.0,18139.757,Item_51,4,47.0,6998.6281,Item_70,4.0,16.0,6657.8013,Item_46,4.0,16.0,0.0,1.0,0.0,1.0,0.0,15553.3794,Item_92,4,31,51731.0985,Item_32,4,118,,,,,,5131.24,3963.83,4.0,331.46,582.9300000000001,2.0,5131.24,3031.17,2.0,,,,,,,,4951.52,183.2,,,,,,,,,,,2826.71,116.57,,,3209.76,466.33,,,,,,,,,,,,,,,,,,,,,,,,,,,,,,,4951.52,183.2,,,,,,,4042.49,199.86,2826.71,116.57,,,,,,,,,,,,,,,,,,,,,,,,
8,8,9,3,1,Nandos_Menu_Current_Subset1,05/19/2025 10:19:02 AM,006_Resp_003 (3).csv,11641.2196,,4.0,27.0,33283.1843,Item_17,4.0,87.0,67675.9458,Item_07,3,184.0,10626.5649,Item_47,4.0,36.0,6617.7614,Item_46,3.0,20.0,,,,,,73189.9036,Heading_11,3,182,87440.9366,Item_87,4,240,,,,,,8819.52,23166.769999999997,14.0,15751.09,31127.620000000003,12.0,,,,,,,,,3971.61,1174.17,,,,,6186.69,449.67,,,,,4882.7,705.0566666666667,8729.92,2214.41,,,,,,,,,,,,,,,,,,,,,,,,,,,,,,,,,,,,,,,,,,,,,8729.92,3197.04,10745.15,1231.78,,,,,,,,,,,,,,,,,,,,,,
9,9,10,32,2,Nandos_Menu_NewFunctional_Subset2,05/19/2025 10:48:53 AM,001_Resp_032.csv,14804.0,Item_09,4.0,41.0,5910.0,Item_17,4.0,18.0,3166.0,Item_61,4,5.0,3537.0,Item_47,4.0,9.0,4299.0,Item_46,4.0,12.0,,,,,,14781.0,Item_48,4,31,54743.0,Item_35,4,120,,,,,,1227.35,45217.47,14.0,3835.53,4280.23,2.0,,,,,,,,,,,,,,,,,,,,,,,,,8584.05,482.99,,,,,,,,,,,,,,,,,,,,,,,,,,,,,,,,,,,,,,,,,,,,,,,,,,,,,,,,,,,,,,,,,,,,
10,10,11,31,2,Nandos_Menu_NewFunctional_Subset2,05/19/2025 11:21:29 AM,002_Resp_031.csv,66228.0,Item_09,4.0,198.0,10095.0,Item_17,4.0,34.0,7852.0,Item_61,4,26.0,13297.0,Item_10,4.0,37.0,13762.0,Item_30,4.0,48.0,,,,,,22261.0,Item_88,4,53,35382.0,InfoHowtoNando's,3,103,,,,,,3330.23,11225.409999999998,8.0,6024.51,1632.15,2.0,,,,,,,11861.78,127.13,2002.22,174.875,7997.91,449.67499999999995,,,,,,,,,,,5719.57,811.9300000000001,,,,,,,,,,,,,,,,,,,,,,,,,,,,,4941.88,499.66,3684.34,149.88,,,8197.75,333.09,7997.91,166.54,,,,,,,5719.57,666.19,7818.07,1282.43,,,,,,,,,,,,,,,,,,,,,,
11,11,12,4,1,Nandos_Menu_Current_Subset1,05/19/2025 11:51:59 AM,002_Resp_004 (3).csv,64656.1395,Item_73,4.0,142.0,27331.9272,Item_17,4.0,73.0,95559.4052,Item_61,4,237.0,7161.7896,Item_10,4.0,18.0,19468.8714,Item_46,3.0,28.0,0.0,1.0,0.0,1.0,0.0,49324.9974,Item_109,3,106,158919.3066,Item_06,4,296,,,,,,5976.07,82424.16,17.0,297.22,47749.130000000005,16.0,5976.07,24049.410000000003,5.0,50527.76,1132.52,1.0,,,,,,,,,,,,,,,,,,,,,,,,,,,,,,,,,,,,,,,,,,,,,,,,,,,11025.31,183.2,,,,,,,11809.54,149.89,9677.74,416.37,,,,,,,,,,,,,,,,,,,,,,,,,,
12,12,13,12,1,Nandos_Menu_Current_Subset1_2 (1),05/20/2025 1:36:36 PM,001_Resp_012.csv,5142.7997,Item_16,4.0,11.0,12796.815,Item_73,4.0,32.0,54949.7195,Item_42,3,98.0,5794.074,Item_10,3.0,16.0,2938.0503,Item_30,4.0,8.0,0.0,1.0,0.0,1.0,0.0,50564.299,Item_102,3,77,61399.9288,Heading_03,4,133,,,,,,7657.18,6528.6,8.0,291.75,19769.14,16.0,58470.64,183.19,1.0,36898.75,383.05,1.0,,,3443.63,149.89,2311.12,649.53,5725.32,732.81,4009.89,216.52,11054.84,216.51,8217.38,416.37,3154.36,283.13,,,1005.91,299.77,6735.12,582.905,,,,,,,,,,,,,,,,,,,,,,,,,,,,,,,2311.12,649.53,,,,,,,,,,,,,,,,,,,,,,,,,,,,,,,,,,
13,13,14,37,2,Nandos_Menu_NewFunctional_Subset2_2,05/20/2025 2:30:50 PM,009_Resp_037.csv,29626.3943,Item_06,3.0,71.0,7698.3824,Item_65,4.0,15.0,11736.2335,,4,22.0,10319.4707,Item_10,4.0,24.0,81138.2225,Item_30,4.0,185.0,0.0,0.0,0.0,1.0,0.0,21064.1178,Item_119,4,46,90529.5021,Item_06,3,177,,,,,,10967.37,31310.850000000002,12.0,,0.0,0.0,62505.63,2331.67,1.0,,0.0,0.0,7873.91,1210.2366666666667,2461.12,874.3799999999999,10438.74,568.48,,,4742.82,1423.99,,,,,11144.14,810.41,8046.37,449.68,,,,,,,,,,,,,,,,,,,,,,,,,,,,,,,,,,,11054.96,937.1,,,,,968.13,1571.09,,,,,,,,,,,,,,,,,,,,,,,,,,,,
14,14,15,40,2,Nandos_Menu_NewFunctional_Subset2_2 (1),05/20/2025 2:38:16 PM,003_Resp_040.csv,29738.0325,Item_23,3.0,51.0,9054.7444,,3.0,1.0,3706.9754,,2,,6825.7578,,3.0,1.0,45452.8714,Item_26,4.0,45.0,0.0,1.0,1.0,1.0,0.0,35654.6819,Heading_27,4,86,102042.7125,Item_41,4,212,,,,,,4592.65,12191.27,11.0,5189.15,4630.02,2.0,4592.65,1832.02,5.0,5189.15,4630.02,2.0,,,11190.9,216.51,7027.23,183.2,,,,,,,,,,,,,,,,,,,,,,,,,,,,,,,,,,,,,,,,,,,2647.05,99.93,,,7027.23,183.2,,,,,5169.45,441.355,,,,,,,,,,,,,,,,,,,,,,,,,,,,
15,15,16,13,1,Nandos_Menu_Current_Subset1_2,05/20/2025 3:21:20 PM,011_Resp_013 .csv,12801.9888,Item_73,4.0,35.0,10884.5138,Item_17,4.0,34.0,46732.8576,Item_61,3,119.0,7518.3952,Item_10,4.0,24.0,4208.0731,Item_30,4.0,9.0,0.0,0.0,1.0,1.0,0.0,45321.5379,Item_26,4,98,114839.731,Item_31 dwelled on; Item_31 dwelled on (1),4,248,,,,,,659.46,34092.189999999995,18.0,7685.71,34308.78,17.0,659.46,13506.95,7.0,7685.71,2048.54,1.0,,,,,,,,,9233.87,582.92,,,,,11846.0,150.52,,,4001.62,924.34,2469.38,283.135,8948.07,349.75,,,,,,,,,,,,,,,,,,,,,,,,,,,,,,,,,,,,,,,,,,,,,,,,,,,,,,,,,,,,,,,,
16,16,17,14,1,Nandos_Menu_Current_Subset1_2 (1),05/20/2025 3:34:50 PM,002_Resp_014.csv,2852.7457,,2.0,,3394.882,Item_17,3.0,12.0,47749.3367,,3,38.0,4297.5773,,4.0,9.0,5573.9779,Item_26,3.0,7.0,0.0,0.0,0.0,1.0,0.0,34056.2092,Heading_15,3,96,92308.9807,Item_23,4,219,,,,,,2922.75,23749.52,12.0,3282.03,16688.100000000002,13.0,2922.75,2498.19,2.0,3282.03,3147.73,1.0,,,,,11244.85,133.24,7464.24,216.51,,,,,,,4915.7,946.318,,,,,,,,,,,,,,,,,,,,,,,,,,,,,,,,,6831.37,227.61999999999998,,,11244.85,133.24,,,,,,,,,,,,,,,,,,,,,,,,,,,,,,,,,,
17,17,18,42,2,Nandos_Menu_NewFunctional_Subset2_2 (1),05/20/2025 4:26:15 PM,004_Resp_042.csv,3727.3032,Item_41,4.0,5.0,37030.022,Item_17,4.0,108.0,11829.6795,Item_20,4,31.0,4694.9482,Item_47,4.0,11.0,15402.0578,Item_30,4.0,48.0,0.0,1.0,0.0,1.0,0.0,20149.5277,Item_115,3,43,77593.6285,Heading_20,3,236,,,,,,2167.29,12540.960000000001,9.0,11289.32,349.74,1.0,9178.93,4496.75,5.0,11289.32,349.74,1.0,,,2522.71,183.2,10317.11,291.46,6786.31,283.13,8751.56,749.46,,,,,,,,,,,,,2679.36,241.49,,,,,,,,,,,,,,,,,,,,,,,,,,,,,,,,,,,1463.57,416.37,,,,,,,,,,,,,,,,,,,,,,,,,,,,
18,18,19,11,1,Nandos_Menu_Current_Subset1_2,05/20/2025 9:21:59 AM,012_Resp_011.csv,21209.2447,Item_03,4.0,63.0,88511.3209,,3.0,192.0,114878.7972,,4,252.0,11386.8065,Item_10,4.0,24.0,20198.3546,Item_30,3.0,39.0,0.0,0.0,0.0,0.0,0.0,43815.6232,Item_92,3,76,147968.1143,Item_16,4,329,,,,,,1544.34,65303.05,15.0,7378.96,37912.439999999995,15.0,5791.27,6112.299999999999,2.0,7378.96,16887.84,5.0,,,,,,,7546.3,266.47,,,,,11684.83,312.01,6588.51,266.47,2558.11,133.19,4623.25,766.11,,,3723.9,366.39,,,,,,,,,,,,,,,,,,,,,,,,,,,,,,,,,,,,,,,2558.11,133.19,,,,,,,,,,,,,,,,,,,,,,,,
19,19,20,33,2,Nandos_Menu_NewFunctional_Subset2_2,05/20/2025 10:20:54 AM,011_Resp_033.csv,34898.8487,Item_65,4.0,96.0,23550.6876,Item_17,4.0,57.0,15144.9506,Item_61,3,33.0,26517.8195,Item_70,3.0,54.0,10487.0679,Item_30,3.0,19.0,0.0,0.0,1.0,0.0,0.0,93139.7594,Item_13,4,190,76904.957,Item_111,4,196,,,,,,13531.82,9043.58,11.0,3943.07,10492.56,5.0,29320.46,1548.92,2.0,8556.42,1032.61,1.0,5429.45,238.72333333333333,,,6062.33,238.71666666666667,,,11841.51,164.25,,,,,,,4474.57,216.51,1010.4,208.185,,,,,,,,,,,,,,,,,,,,,,,,,,,,,,,,,6495.35,149.89,10842.23,199.86,,,5157.42,732.82,,,,,,,,,,,,,,,,,,,,,,,,,,,,
20,20,21,36,2,Nandos_Menu_NewFunctional_Subset2_2 (1),05/20/2025 10:38:52 AM,001_Resp_036.csv,20238.451,Item_09,4.0,56.0,12310.81,Item_44,4.0,30.0,10670.6967,Item_83,3,26.0,6132.8724,Item_47,4.0,18.0,7980.9926,Item_46,3.0,22.0,0.0,1.0,0.0,1.0,1.0,75262.1877,Item_46,4,121,101432.1809,Item_28,4,220,,,,,,3441.58,62371.79,18.0,5456.06,8610.47,4.0,3991.17,41786.61000000001,9.0,5456.06,8610.47,4.0,,,180.22,133.24,,,6608.93,233.17333333333332,,,,,,,,,10241.05,766.12,,,,,1580.6,249.82,,,,,,,,,,,,,,,,,,,,,,,,,10939.15,410.81666666666666,,,,,,,,,3828.98,166.56,,,10241.05,766.12,,,,,,,,,,,,,,,,,,,,,,,,
21,21,22,61,3,Nandos_Menu_NewUnique_Subset3_2,05/20/2025 11:14:26 AM,017_Resp_061.csv,13602.3897,Item_09,3.0,41.0,6119.4303,Item_15,4.0,13.0,8084.7626,,3,19.0,3039.6132,Item_47,4.0,7.0,6660.3058,Item_46,4.0,16.0,0.0,0.0,0.0,0.0,0.0,7284.4679,Heading_25,4,12,51360.9896,Item_35,4,136,,,,,,4516.77,8860.23,9.0,,0.0,0.0,22886.89,1548.87,2.0,,0.0,0.0,,,,,,,292.77,199.86,,,,,3733.48,433.02000000000004,6065.11,199.87,,,,,,,5182.43,133.23,,,,,,,,,,,,,,,,,,,,,,,,,,,,,,,,,,,,,,,,,,,,,,,,,,,,,,,,,,,,,,,,
22,22,23,38,2,Nandos_Menu_NewFunctional_Subset2_2 (1),05/20/2025 11:30:49 AM,002_Resp_038.csv,4034.1145,Item_09,4.0,10.0,5349.644,Item_17,3.0,13.0,12997.422,Item_61,4,39.0,5737.4742,Item_47,3.0,15.0,4091.6105,Item_30,4.0,11.0,0.0,1.0,0.0,1.0,0.0,12105.9463,Item_88,4,31,78438.7737,Item_37,4,226,,,,,,6568.06,20551.879999999997,14.0,7136.91,1199.16,2.0,20624.62,2564.84,3.0,7136.91,1199.16,2.0,,,,,,,,,,,6866.68,799.43,,,1901.28,249.82,6331.44,421.92,,,,,,,,,,,,,,,,,,,,,,,,,,,,,,,,,,,,,,,,,1185.13,199.86,,,6547.94,649.53,7214.13,433.03,,,,,,,,,,,,,,,,,,,,,,
23,23,24,35,2,Nandos_Menu_NewFunctional_Subset2_2,05/20/2025 12:47:28 PM,010_Resp_035.csv,6730.3963,Item_09,4.0,17.0,12729.6631,Item_15,4.0,35.0,10366.9824,Item_61,3,26.0,8567.7085,Item_10,4.0,20.0,13864.1192,Item_46,4.0,32.0,0.0,1.0,0.0,0.0,0.0,26276.1739,Item_93,3,49,90699.7271,Iterm_53,4,201,,,,,,7087.18,31160.570000000003,15.0,15385.42,699.49,1.0,28588.11,5712.58,3.0,,,,,,704.17,641.2149999999999,,,,,1570.22,466.33,,,1642.68,149.89,6256.01,233.18,3641.23,294.24333333333334,,,,,8554.36,682.84,,,,,,,,,,,,,,,,,,,,,,,,,,,,,,,,,,,1226.29,671.7433333333333,,,3641.23,241.495,,,,,,,,,,,,,,,,,,,,,,,,
24,24,25,18,1,Nandos_Menu_Current_Subset1_2 (1),05/21/2025 1:17:43 PM,004_Resp_018.csv,16975.1228,Item_17,4.0,48.0,16613.0508,Item_17,4.0,48.0,20824.1274,Item_53,3,48.0,4153.0682,Item_10,4.0,8.0,4289.7741,Item_46,4.0,11.0,0.0,0.0,0.0,0.0,0.0,43746.5358,Heading_13,4,68,188695.8588,Item_55,4,342,,,,,,2859.32,38888.70999999999,18.0,823.88,10009.449999999999,12.0,,,,13981.08,1698.76,1.0,,,5622.92,116.59,,,9403.53,699.5,,,,,,,,,,,,,,,,,,,,,,,,,,,,,,,,,,,,,,,,,2841.59,466.33,,,,,,,,,,,,,,,,,,,,,,,,,,,,,,,,,,,,,,
25,25,26,20,1,Nandos_Menu_Current_Subset1_2 (1),05/21/2025 2:24:57 PM,005_Resp_020.csv,14007.6439,Item_73,3.0,34.0,6665.284,Item_17,4.0,21.0,35522.927,Item_51,4,76.0,4881.862,Item_47,4.0,11.0,7607.8392,Item_30,4.0,23.0,0.0,1.0,0.0,1.0,0.0,57967.4774,Item_96,4,108,116010.0361,Heading_09,4,273,,,,,,3830.56,32954.35,17.0,13816.68,35840.799999999996,16.0,3830.56,4330.24,4.0,13816.68,9876.2,6.0,,,,,2236.12,791.0999999999999,4634.39,349.75,1769.78,266.48,7315.8,1948.6,,,6121.08,333.1,4289.07,649.53,,,7270.25,732.8199999999999,,,,,,,,,,,,,,,,,,,,,,,,,,,5833.53,566.26,,,2236.12,916.02,,,,,,,,,4289.07,649.53,,,,,,,,,,,,,,,,,,,,,,,,
26,26,27,69,3,Nandos_Menu_NewUnique_Subset3_2,05/21/2025 2:27:03 PM,013_Resp_069.csv,17899.2501,Item_09,4.0,46.0,32156.699,Item_33,4.0,71.0,24028.6616,Item_61,3,46.0,14281.8944,Item_10,4.0,31.0,11617.89,Item_30,3.0,24.0,0.0,0.0,0.0,0.0,0.0,62148.2567,Item_19,4,103,160478.6359,Item_54,4,359,,,,,,878.48,52245.7,19.0,1558.7,12757.550000000001,5.0,36336.3,2764.69,1.0,1558.7,3547.46,1.0,4509.37,1115.86,,,7224.1,3230.98,,,4509.37,2215.08,6907.65,249.83,3454.34,224.83499999999998,,,6385.55,1882.02,,,,,8850.46,149.88,,,,,,,,,,,,,,,,,,,,,,,,,,,1278.36,116.58,,,,,,,,,,,6385.55,1882.02,,,,,,,,,,,,,,,,,,,,,,,,
27,27,28,66,3,Nandos_Menu_NewUnique_Subset3_2 (1),05/21/2025 3:14:11 PM,003_Resp_066.csv,24775.6932,Item_41,4.0,54.0,18510.9613,Item_02,4.0,46.0,71559.4906,Item_61,4,170.0,5107.927,Item_47,4.0,10.0,3826.3644,Item_26,4.0,7.0,0.0,1.0,1.0,1.0,1.0,20605.6624,Heading_10,4,45,35934.6167,Item_11,4,79,,,,,,4575.17,11841.480000000003,12.0,3769.23,2381.6400000000003,3.0,20646.93,2231.7300000000005,4.0,3769.23,2381.6400000000003,3.0,,,,,,,,,,,,,,,9944.85,899.3399999999999,,,,,,,9461.86,183.185,,,,,,,,,,,,,,,,,,,,,,,,,,,,,,,,,,,,,,,,,,,,,,,,,,,,,,,,,,,,,,,,
28,28,29,41,2,Nandos_Menu_NewFunctional_Subset2_2,05/21/2025 3:34:12 PM,008_Resp_041.csv,31766.2073,Item_02,3.0,44.0,14094.5224,Item_17,4.0,6.0,37244.1612,,3,52.0,38550.3233,Item_10,4.0,61.0,16211.6749,Item_26,3.0,26.0,1.0,1.0,1.0,1.0,0.0,50728.3035,Item_91,4,95,124415.2929,Item_16,4,272,,,,,,21070.55,46349.87,16.0,1558.19,499.67,2.0,21070.55,30328.170000000002,9.0,45424.1,366.42,1.0,,,,,,,,,,,,,,,,,,,,,,,,,,,,,,,,,,,,,,,,,,,,,,,,,,,,,,,,,,,,,,,,,,,,,,,,,,,,,,,,,,,,,,,,
29,29,30,71,3,Nandos_Menu_NewUnique_Subset3_2,05/21/2025 4:24:33 PM,012_Resp_071.csv,3184.8416,Item_09,4.0,9.0,17100.115,Item_17,4.0,44.0,8180.8885,Item_61,4,20.0,2830.6854,Item_47,3.0,5.0,1332.498,Item_30,4.0,4.0,0.0,1.0,1.0,1.0,0.0,32242.5204,Item_46,3,74,97029.5916,Item_41,4,261,,,,,,8836.47,22966.579999999998,16.0,7634.26,14672.79,5.0,9752.48,14373.0,10.0,7634.26,6678.530000000001,2.0,,,5640.98,241.49,,,2343.34,266.47,,,,,4109.63,266.4733333333333,,,7307.33,1015.94,6724.42,299.78,,,5358.73,458.005,,,,,,,,,,,,,,,,,,,,,,,,,,,,,,,,,,,,,,,,,,,,,,,,,,,,,,,,,,,,,,,,
30,30,31,63,3,Nandos_Menu_NewUnique_Subset3_2,05/21/2025 9:09:33 AM,016_Resp_063.csv,35962.3869,Item_65,3.0,99.0,9271.6259,Item_15,4.0,24.0,23601.6867,,3,61.0,6003.4147,Item_10,4.0,14.0,3528.8856,Item_30,4.0,7.0,0.0,1.0,0.0,1.0,0.0,37703.6965,Item_30,4,68,123104.5367,Item_42,4,258,,,,,,19648.85,16638.02,9.0,18126.62,24082.69,5.0,19648.85,4097.02,2.0,,,,,,,,4377.09,166.54,,,,,,,9.71,682.84,10585.44,133.23,7520.98,166.54999999999998,,,,,925.72,2581.47,,,,,,,,,,,,,,,,,,,,,,,,,7807.94,166.555,,,4377.09,166.54,,,,,,,,,,,,,7520.98,149.89,,,,,,,,,,,,,,,,,,,,
31,31,32,16,1,Nandos_Menu_Current_Subset1_2 (1),05/21/2025 9:10:32 AM,003_Resp_016.csv,24518.5085,Item_73,4.0,84.0,68879.4472,Item_17,4.0,222.0,72340.1686,Item_84,3,221.0,3185.904,Item_47,4.0,10.0,2387.3752,Item_46,4.0,9.0,0.0,0.0,0.0,1.0,0.0,16106.3146,Item_59,4,45,75242.6379,Item_83,4,227,,,,,,1163.55,38055.76,17.0,313.68,8577.16,10.0,1163.55,3863.8499999999995,4.0,4910.37,5795.84,5.0,,,,,2632.06,982.61,,,6729.11,449.68,,,,,,,6622.46,299.77,,,,,,,,,,,,,,,,,,,,,,,,,,,,,,,4663.93,166.55,,,2632.06,982.61,,,,,1775.94,616.22,11402.36,556.28,,,6622.46,299.77,,,,,,,,,,,,,,,,,,,,,,
32,32,33,65,3,Nandos_Menu_NewUnique_Subset3_2,05/21/2025 9:56:23 AM,015_Resp_065.csv,44166.3403,Item_09,4.0,115.0,15716.7884,Item_15,4.0,40.0,32341.0436,Item_42,4,85.0,7479.9106,Item_10,3.0,21.0,5802.6094,Item_46,4.0,19.0,0.0,0.0,0.0,0.0,0.0,25856.2229,Item_70,4,55,112569.8601,Item_00,4,277,,,,,,5018.09,11008.890000000001,11.0,17055.06,399.71,1.0,50285.53,1532.24,2.0,,,,,,,,,,2337.31,191.53500000000003,,,10514.77,249.81,0.0,621.14,6521.81,333.09,4323.4,882.7,5056.2,166.54,,,959.15,974.31,,,,,,,,,,,,,,,,,,,,,,,,,11164.3,133.24,6417.71,1998.57,,,,,,,9569.62,766.1,,,,,,,,,,,,,,,,,,,,,,,,,,,,
33,33,34,62,3,Nandos_Menu_NewUnique_Subset3_2 (1),05/21/2025 10:22:22 AM,001_Resp_062.csv,27531.4895,Item_41,4.0,74.0,21933.5983,Item_17,4.0,59.0,12856.7248,,4,31.0,11172.2974,Item_10,3.0,30.0,18162.6676,Item_46,4.0,43.0,,,,,,28419.2256,Item_93,3,53,76002.1869,Item_61,4,200,,,,,,3517.97,29928.390000000003,18.0,30144.41,233.17,1.0,,,,,,,,,,,,,,,,,,,,,,,,,,,,,2945.09,183.21,,,,,,,,,,,,,,,,,,,,,,,5257.37,166.56,,,,,,,,,,,,,,,,,,,,,,,,,,,,,,,,,,,,,,,,
34,34,35,64,3,Nandos_Menu_NewUnique_Subset3_2 (1),05/21/2025 11:15:20 AM,002_Resp_064.csv,37172.8155,Item_41,4.0,69.0,23578.9687,Item_40,3.0,48.0,97852.0683,Item_42,4,91.0,4843.3253,Item_47,4.0,11.0,9437.5305,Item_30,4.0,25.0,0.0,1.0,1.0,1.0,1.0,48652.9527,Item_92,4,94,62089.455,Item_44,4,143,,,,,,797.05,11558.320000000002,11.0,8166.97,8627.11,5.0,797.05,5279.5,6.0,8166.97,2564.83,2.0,,,,,,,4369.62,299.78,,,,,,,,,8033.23,174.88,,,,,,,,,,,,,,,,,,,,,,,,,,,,,,,,,,,,,,,,,,,,,,,,,8033.23,166.56,,,,,,,,,,,,,,,,,,,,
35,35,36,67,3,Nandos_Menu_NewUnique_Subset3_2,05/21/2025 11:17:15 AM,014_Resp_067.csv,19019.3977,Item_09,3.0,60.0,10510.2105,Item_15,4.0,30.0,31751.6122,Item_11,3,89.0,6025.5181,Item_47,4.0,13.0,4122.6855,Item_46,3.0,14.0,0.0,1.0,1.0,1.0,0.0,109103.2324,Item_26,4,151,143291.279,Item_32,4,335,,,,,,11074.04,40287.7,11.0,86673.99,24449.1,5.0,11074.04,21567.82,5.0,86673.99,9459.87,1.0,,,,,,,,,,,7605.94,166.56,653.47,3480.84,,,,,,,,,,,,,,,,,,,,,,,,,,,,,,,,,,,,,,,,,,,,,,,,,,,,,,,,,,,,,,,,,,,,,,,,,,
36,36,37,17,1,Nandos_Menu_Current_Subset1_2,05/22/2025 1:11:44 PM,009_Resp_017.csv,12554.39,Item_73,4.0,38.0,7298.6447,Item_17,3.0,19.0,64808.3038,Item_60,4,142.0,4277.4182,Item_10,4.0,10.0,3825.3095,Item_46,4.0,10.0,0.0,1.0,1.0,1.0,0.0,45554.612,InfoDelivery_10,4,95,58093.4586,InfoAddDrink_01,4,122,,,,,,3729.48,16504.26,14.0,4679.85,17903.75,11.0,3729.48,11174.960000000003,10.0,5346.05,2131.78,1.0,,,1685.56,333.1,,,3717.44,591.0475,,,9613.21,416.37,,,4582.6,166.55,,,,,,,,,,,,,,,,,,,,,,,,,,,,,,,,,4883.27,149.89,,,,,,,,,,,,,,,,,,,,,,,,,,,,,,,,,,,,,,
37,37,38,48,2,Nandos_Menu_NewFunctional_Subset2_2 (1),05/22/2025 1:20:53 PM,007_Resp_048.csv,5938.4468,Item_65,4.0,14.0,52474.9751,Item_69,4.0,110.0,51562.1933,,3,109.0,19678.8116,Item_10,4.0,39.0,8574.3329,Item_30,4.0,21.0,0.0,1.0,0.0,1.0,0.0,64007.777,Visual_18,3,142,189785.2757,Item_65,4,428,,,,,,11043.33,59706.94000000001,14.0,43691.51,12207.89,4.0,32661.12,22017.48,5.0,43691.51,2564.85,1.0,,,,,,,,,,,3856.88,149.9,1552.3,549.62,,,,,9246.78,1532.23,,,1885.39,358.08,,,,,,,,,,,,,,,,,,,,,,,,,,,9636.06,433.01,,,,,,,,,,,,,,,,,,,,,,,,,,,,,,,,,,,,
38,38,39,45,2,Nandos_Menu_NewFunctional_Subset2_2,05/22/2025 2:07:10 PM,006_Resp_045.csv,44951.3504,,4.0,82.0,23142.9248,Item_69,4.0,58.0,40118.6853,Item_42,4,88.0,9583.2846,Item_10,4.0,22.0,27694.3127,Item_30,4.0,58.0,0.0,0.0,0.0,1.0,0.0,55913.7091,Item_121,4,71,106347.5399,Item_61,3,200,,,,,,19233.75,34425.28,14.0,22857.63,14639.48,5.0,98593.53,1099.22,1.0,22857.63,9792.96,3.0,,,,,3071.52,199.86,,,540.0,349.75,,,,,4748.86,949.3220000000001,,,,,,,185.48,166.55,,,,,,,,,,,,,,,,,,,,,,,,,,,,,3071.52,199.86,,,,,3249.94,283.13,,,,,,,,,,,,,,,,,,,,,,,,,,,,
39,39,40,68,3,Nandos_Menu_NewUnique_Subset3_2 (1),05/22/2025 2:22:04 PM,004_Resp_068.csv,94799.1454,Item_41,4.0,223.0,29059.8084,Item_16,4.0,58.0,7826.1282,Item_61,3,13.0,23835.0777,Item_10,4.0,46.0,4244.2097,Item_46,4.0,5.0,0.0,0.0,0.0,1.0,0.0,53418.173,Visual_19,3,86,40731.1635,Item_68,4,98,,,,,,2031.47,1532.2,5.0,8233.28,18519.88,5.0,2031.47,166.55,1.0,8233.28,4097.05,2.0,,,,,,,7185.24,133.25,,,,,,,2020.83,641.215,1354.66,516.29,,,,,9748.62,632.875,,,,,,,,,,,,,,,,,,,,,,,,,8550.94,266.46,10682.73,133.26,,,,,,,,,,,,,,,,,,,,,,,,,,,,,,,,,,,,
40,40,41,47,2,Nandos_Menu_NewFunctional_Subset2_2,05/22/2025 3:03:36 PM,005_Resp_047.csv,30962.725,Item_09,4.0,86.0,20610.3219,Item_17,4.0,49.0,103369.7142,Item_57,4,275.0,11935.4045,Item_10,4.0,28.0,3509.3025,Item_30,4.0,9.0,1.0,1.0,1.0,1.0,1.0,25212.6457,Item_30,4,46,64534.5821,Item_37,4,178,,,,,,3529.15,31210.899999999998,19.0,10355.65,4413.37,4.0,3529.15,31210.899999999998,19.0,10355.65,2181.63,3.0,,,,,,,,,,,,,,,3058.05,882.69,1076.15,233.17,,,,,,,,,,,,,,,,,,,,,,,,,,,,,,,,,,,,,,,,,,,,,,,,,1076.15,233.17,,,,,,,,,,,,,,,,,,,,
41,41,42,75,3,Nandos_Menu_NewUnique_Subset3_2,05/22/2025 3:57:11 PM,010_Resp_075.csv,74941.118,Item_65,3.0,161.0,39151.4693,Item_15,4.0,89.0,18379.2744,Item_61,4,42.0,27922.512,Item_47,4.0,51.0,10798.8738,Item_46,3.0,27.0,,,,,,129516.5332,Item_13,4,190,110350.8104,Item_83,4,206,,,,,,1819.04,71864.84000000001,19.0,12272.54,31294.159999999996,5.0,,,,,,,,,,,,,,,,,,,365.27,4546.59,,,,,,,,,,,,,,,,,,,,,,,,,,,,,,,,,,,,,,,,,,,,,,,,,,,,,,,,,,,,,,,,,,,,,,,,,,
42,42,43,44,2,Nandos_Menu_NewFunctional_Subset2_2 (1),05/22/2025 9:08:00 AM,005_Resp_044.csv,5270.3646,Item_65,3.0,12.0,13772.0646,Item_06,4.0,44.0,32422.1715,Item_61,3,104.0,4870.1067,Item_47,3.0,9.0,4345.7518,Item_46,3.0,14.0,0.0,1.0,0.0,1.0,0.0,19921.525,Item_48,3,47,41301.002,Item_51,3,138,,,,,,1968.4,8577.15,10.0,16368.94,716.15,1.0,15891.72,2564.8199999999997,3.0,16368.94,716.15,1.0,,,,,,,,,,,,,11043.08,133.23,,,,,,,,,1483.28,208.19,,,,,,,,,,,,,,,,,,,,,,,1630.53,1415.66,,,,,,,,,,,8694.76,83.27,,,,,,,,,,,,,,,,,,,,,,,,,,,,
43,43,44,43,2,Nandos_Menu_NewFunctional_Subset2_2,05/22/2025 9:10:43 AM,007_Resp_043.csv,21664.3916,Item_65,3.0,69.0,3893.6925,Item_17,4.0,11.0,31008.3268,Item_60,4,78.0,4692.7443,Item_10,4.0,15.0,3457.2404,Item_30,3.0,10.0,0.0,1.0,0.0,0.0,0.0,21621.6241,Item_67,4,53,75011.6633,Item_11,4,177,,,,,,11081.28,7811.07,7.0,7809.15,8510.57,5.0,,0.0,0.0,7809.15,2981.2,1.0,,,6716.51,366.41,,,10097.42,1163.51,,,,,,,3900.69,358.07,8480.73,916.02,4700.1,266.48,,,,,,,,,,,,,,,,,,,,,,,,,,,3097.31,1665.45,7982.27,360.84,,,,,,,,,7598.02,466.33,,,8480.73,916.02,,,,,,,,,,,,,,,,,,,,,,,,
44,44,45,73,3,Nandos_Menu_NewUnique_Subset3_2,05/22/2025 10:14:32 AM,011_Resp_073.csv,19331.4451,Item_09,4.0,58.0,5323.5139,Item_17,4.0,17.0,4189.4857,,4,12.0,2972.7959,Item_47,4.0,7.0,6600.1107,Item_30,4.0,20.0,1.0,1.0,0.0,1.0,0.0,85386.5742,Item_48,4,173,67258.7375,Item_45,4,192,,,,,,7430.31,12574.14,13.0,20641.97,4280.2699999999995,3.0,7779.86,6512.010000000001,7.0,20641.97,2448.24,2.0,,,,,,,,,,,,,426.25,674.505,4190.21,358.07,859.27,249.815,,,,,259.71,482.96,,,,,,,,,,,,,,,,,,,,,,,1740.18,632.88,,,,,,,,,,,6571.82,582.92,,,6172.12,349.74,,,859.27,149.89,,,,,,,,,,,,,,,,,,,,
45,45,46,15,1,Nandos_Menu_Current_Subset1_2,05/22/2025 11:31:19 AM,010_Resp_015.csv,7547.8427,Item_73,4.0,18.0,6452.2972,Item_17,4.0,20.0,212216.8379,Item_17,3,455.0,3958.2862,Item_47,4.0,11.0,9248.3325,Item_30,4.0,31.0,0.0,1.0,0.0,1.0,0.0,77002.2184,Item_98,4,191,122200.1008,Visual_00,3,293,,,,,,2542.72,26064.529999999995,14.0,225.98,34891.55,17.0,2542.72,15488.78,5.0,,,,,,,,,,,,,,,,,,2632.38,316.44,,,,,,,,,,,,,,,,,,,,,,,,,,,,,,,,,,,,,,,,,,,,,9344.23,99.93,,,,,,,,,,,,,,,,,,,,,,,,,,
46,46,47,46,2,Nandos_Menu_NewFunctional_Subset2_2 (1),05/22/2025 11:40:36 AM,006_Resp_046.csv,6181.4349,Item_41,4.0,21.0,6051.0839,Item_15,4.0,20.0,48034.348,Item_61,3,145.0,5122.1533,Item_10,4.0,13.0,16314.1311,Item_46,3.0,46.0,0.0,0.0,0.0,1.0,0.0,78934.2632,Item_46,4,161,261221.8016,Item_24,4,545,,,,,,689.75,47898.76,15.0,46125.45,15455.630000000001,4.0,7551.48,13273.710000000001,4.0,,,,,,,,,,5570.8,133.25,,,,,,,5155.92,174.87,,,,,,,2624.39,133.24,,,,,,,,,,,,,,,,,,,,,,,,,,,,,,,,,,,592.53,216.51,,,,,,,,,,,,,,,,,,,,,,,,,,,,
47,47,48,49,2,Nandos_Menu_NewFunctional_Subset2_2,05/23/2025 1:07:51 PM,004_Resp_049.csv,230015.5856,Item_41,4.0,501.0,36584.6475,Item_17,4.0,89.0,17621.9952,Item_61,3,39.0,14313.4923,Item_10,4.0,27.0,6015.3133,Item_46,3.0,20.0,0.0,1.0,0.0,1.0,1.0,28943.5138,Iterm_58,4,47,75856.1784,Heading_08,4,157,,,,,,1423.1,18203.56,11.0,5495.2,266.48,1.0,44442.25,9493.18,4.0,5495.2,266.48,1.0,,,11043.8,183.2,5431.17,333.09,,,10777.33,199.86,9544.88,116.58,1852.11,183.2,,,,,,,,,11745.03,267.27,,,,,,,,,,,,,,,,,,,,,,,,,,,,,5431.17,333.09,,,,,9813.08,299.8,,,,,,,,,,,,,,,,,,,,,,,,,,,,
48,48,49,72,3,Nandos_Menu_NewUnique_Subset3_2 (1),05/23/2025 1:09:22 PM,005_Resp_072.csv,47204.7185,Item_65,4.0,122.0,171571.6291,Item_04,4.0,401.0,4347.8853,,3,9.0,4888.6027,Item_10,4.0,16.0,2638.3312,Item_30,4.0,6.0,0.0,0.0,0.0,1.0,0.0,50438.6973,Item_91,4,114,152223.6699,Item_65,4,394,,,,,,4510.32,41969.87,19.0,12322.38,14006.61,5.0,42066.63,7544.56,4.0,,,,8918.58,1449.0,,,,,,,7136.54,449.67,7636.17,1249.1,,,1424.7,383.06,,,,,,,1874.38,566.26,,,,,,,,,,,,,,,,,,,,,,,855.89,299.79,,,,,,,,,,,3006.89,316.435,,,,,,,,,,,,,,,,,,,,,,,,,,,,
49,49,50,25,1,Nandos_Menu_Current_Subset1_2,05/23/2025 3:07:42 PM,007_Resp_025.csv,7107.8334,Item_73,4.0,25.0,16309.8604,Item_17,3.0,44.0,25624.3078,Item_60,3,64.0,5343.7263,Item_47,4.0,15.0,2366.5842,Item_30,3.0,7.0,0.0,1.0,1.0,1.0,0.0,59812.4707,Item_30,4,136,63251.2458,InfoAddDrink_01,4,152,,,,,,2913.31,13956.679999999998,13.0,686.66,53861.48,16.0,2913.31,5879.130000000001,6.0,686.66,3597.44,1.0,10858.62,199.86,,,,,8327.12,216.51,10858.62,199.86,,,4144.98,383.07,3129.05,266.47,,,,,5377.44,699.495,,,,,,,,,,,,,,,,,,,,,,,,,,,,,10025.89,716.15,,,,,,,,,,,,,,,,,,,,,,,,,,,,,,,,,,,,
50,50,51,52,1,Nandos_Menu_Current_Subset1_2 (1),05/23/2025 3:08:52 PM,008_Resp_052.csv,20164.5125,Item_73,4.0,46.0,54179.1599,Item_73,4.0,117.0,17727.7784,Item_54,4,43.0,4716.4431,Item_47,3.0,11.0,15128.378,Item_46,4.0,40.0,0.0,1.0,0.0,1.0,1.0,36225.0906,Heading_15,4,73,69017.9001,Item_78,4,190,,,,,,2309.3,13157.230000000001,15.0,326.9,16837.86,12.0,2309.3,6978.3200000000015,9.0,326.9,8677.08,7.0,11880.63,99.93,,,,,6850.93,666.18,,,,,5985.15,233.18,,,7284.22,449.67,3919.98,916.0,6251.64,632.86,,,,,,,,,,,,,,,,,,,,,,,,,,,6118.12,749.45,9515.67,1532.25,,,,,,,,,,,,,7284.22,449.67,,,,,,,,,,,,,,,,,,,,,,
51,51,52,70,3,Nandos_Menu_NewUnique_Subset3_2 (1),05/23/2025 4:14:02 PM,006_Resp_070.csv,6241.8623,Item_09,4.0,21.0,115743.1757,Item_17,4.0,318.0,64471.0818,Item_60,4,177.0,6964.1773,Item_47,4.0,19.0,11604.785,Item_30,3.0,34.0,0.0,0.0,0.0,0.0,0.0,17772.2512,Item_26,4,41,80659.6894,Item_37,4,192,,,,,,16435.59,23816.249999999996,15.0,14058.66,3580.74,2.0,17668.03,6578.639999999999,4.0,,0.0,0.0,,,4802.83,333.09,,,8650.06,149.89,6484.95,1065.92,,,,,9521.42,860.4933333333333,,,11736.5,259.84,,,2243.31,483.0,,,,,,,,,,,,,,,,,,,,,,,,,,,,,,,,,,,,,,,,,,,,,,,,,,,,,,,,,,,,,,,,
52,52,53,77,3,Nandos_Menu_NewUnique_Subset3_2,05/23/2025 9:10:56 AM,009_Resp_077.csv,46727.5007,Item_11,4.0,91.0,23278.3981,Item_17,4.0,71.0,14276.3135,Item_61,4,42.0,6568.0298,Item_10,3.0,22.0,3385.8987,Item_30,4.0,11.0,0.0,0.0,0.0,1.0,0.0,53094.5477,Item_13,3,70,121890.7599,Item_55,3,235,,,,,,886.39,40687.48,16.0,30174.79,12191.21,4.0,92653.72,2248.3900000000003,2.0,30174.79,3797.27,1.0,,,,,,,,,8282.12,216.5,4851.24,199.86,0.0,1920.27,,,,,5401.09,782.76,,,537.92,116.57,,,,,,,,,,,,,,,,,,,,,,,1893.02,566.26,,,4651.39,133.25,,,,,,,,,2852.91,166.55,,,,,,,,,,,,,,,,,,,,,,,,,,
53,53,54,24,1,Nandos_Menu_Current_Subset1_2 (1),05/23/2025 9:22:17 AM,006_Resp 024.csv,16254.6382,Item_73,4.0,58.0,14744.8358,Item_17,4.0,43.0,9165.6456,Item_83,3,29.0,6102.5295,Item_47,4.0,16.0,3143.1751,Item_30,3.0,10.0,0.0,0.0,0.0,0.0,0.0,49991.9531,Item_18,4,107,151823.8033,Item_39,3,419,,,,,,4695.4,37056.770000000004,17.0,1978.3,32376.760000000002,16.0,,,,,,,,,,,,,,,,,,,,,,,,,,,,,,,,,,,,,,,,,,,,,,,,,,,,,,,,,,,,,,,,,,,,,,,,,,,,,,,,,,,,,,,,,,,,,,
54,54,55,26,1,Nandos_Menu_Current_Subset1_2 (1),05/23/2025 10:13:57 AM,007_Resp_026.csv,38814.644,Item_17,4.0,95.0,45540.1447,Item_72,4.0,128.0,157923.7446,Item_83,3,203.0,8512.654,Item_10,4.0,23.0,3499.7111,Item_30,3.0,10.0,0.0,0.0,0.0,1.0,0.0,33053.9812,Item_97,4,92,28098.1413,Item_84,4,86,,,,,,5201.4,4313.57,11.0,5020.11,11741.560000000001,10.0,26783.86,1132.51,1.0,,,,,,5177.75,660.64,3262.47,283.11,,,,,1215.37,99.94,,,,,,,,,,,,,,,,,,,,,,,,,,,,,,,,,,,,,,,,,3262.47,283.11,,,,,4203.26,183.2,,,,,,,,,,,,,,,,,,,,,,,,,,,,
55,55,56,21,1,Nandos_Menu_Current_Subset1_2,05/23/2025 11:23:53 AM,008_Resp_021.csv,6644.9448,Item_17,3.0,15.0,20980.9223,Item_73,3.0,69.0,32036.6611,Item_60,3,88.0,4681.344,Item_10,3.0,15.0,2836.7138,Item_109,3.0,6.0,0.0,0.0,0.0,1.0,0.0,54729.4629,Item_109,3,135,123787.2797,Item_73,4,288,,,,,,3993.62,38122.659999999996,17.0,315.04,41820.02,17.0,52325.59,5895.78,1.0,21150.07,3847.23,1.0,,,,,,,4852.86,149.89,,,,,,,,,,,4014.45,199.86,,,,,,,,,,,,,,,,,,,,,,,,,,,,,5302.54,233.17,,,,,,,,,,,,,,,,,,,,,,,,,,,,,,,,,,,,,,
56,56,57,27,1,Nandos_Menu_Current_Subset1_2,05/26/2025 1:02:36 PM,006_Resp_027.csv,8597.4348,Item_17,4.0,29.0,26761.678,Item_03,3.0,65.0,22540.83,Item_53,4,64.0,7682.7889,Item_10,4.0,27.0,28068.7147,,4.0,78.0,0.0,1.0,1.0,0.0,0.0,29859.2611,InfoDelivery_10,3,78,107167.6369,Item_42,4,268,,,,,,1127.11,27213.82,15.0,248.06,15089.109999999999,14.0,1127.11,6978.35,7.0,248.06,866.04,1.0,,,,,,,,,,,9873.94,899.34,,,,,,,,,,,,,,,,,,,,,,,,,,,,,,,,,,,,,,,,,,,,,,,,,,,,,,,,,,,,,,,,,,,,,,,,,,,,
57,57,58,76,3,Nandos_Menu_NewUnique_Subset3_2 (1),05/26/2025 1:10:48 PM,008_Resp_076.csv,48910.4074,Item_09,3.0,130.0,35360.7591,Item_17,4.0,85.0,268446.5695,Item_61,3,712.0,53733.1566,Item_10,4.0,134.0,28413.655,Item_30,3.0,65.0,1.0,1.0,0.0,1.0,1.0,22801.2944,Item_59,4,46,134201.5913,Item_05,4,297,,,,,,3008.98,55126.85999999999,7.0,23293.89,216.53,1.0,12169.05,24432.269999999997,4.0,,0.0,0.0,,,,,1974.24,619.566,,,,,,,5313.57,358.08500000000004,,,7478.69,416.36999999999995,,,6745.87,316.45,3997.85,333.09,,,,,,,,,,,,,,,,,,,,,,,,,5205.25,183.2,6171.23,1715.42,3656.36,133.25,,,,,,,8294.76,266.48,7478.69,466.335,9610.49,316.44,,,,,,,,,,,,,,,,,,,,,,
58,58,59,83,3,Nandos_Menu_NewUnique_Subset3_2,05/26/2025 1:58:10 PM,006_Resp_083.csv,22092.6539,Item_41,3.0,45.0,70990.1878,Item_17,4.0,153.0,49351.1935,Item_60,4,132.0,14927.947,Item_10,4.0,38.0,21521.0282,,4.0,37.0,0.0,1.0,0.0,1.0,0.0,23023.3425,Item_92,4,50,101036.127,Heading_32,3,251,,,,,,5299.37,39455.020000000004,14.0,19603.21,5595.97,5.0,11028.59,15955.21,3.0,19603.21,4330.21,3.0,,,,,1051.57,299.79,,,6214.53,333.1,6830.76,116.58,392.25,199.86,,,6954.2,394.16,,,,,0.0,75.81,,,,,,,,,,,,,,,,,,,,,,,,,,,,,1051.57,299.79,,,,,,,9752.2,2226.1,6954.2,449.67499999999995,7337.26,283.13,,,,,,,,,,,,,,,,,,,,,,
59,59,60,58,2,Nandos_Menu_NewFunctional_Subset2_2 (1),05/26/2025 2:46:11 PM,010_Resp_058.csv,83241.7807,Item_09,4.0,202.0,27241.4501,Item_15,4.0,77.0,13529.4812,Item_61,4,30.0,10094.3282,Item_47,3.0,29.0,51949.1977,Item_26,4.0,117.0,0.0,1.0,0.0,1.0,1.0,53430.5956,Heading_23,3,72,239685.7973,Item_32,4,482,,,,,,24232.6,54977.12999999999,15.0,56420.14,899.36,1.0,51396.4,26880.639999999996,6.0,56420.14,899.36,1.0,,,,,,,6868.67,233.17,,,,,684.61,582.92,8695.53,545.4425,468.1,166.55,,,,,834.51,449.68,,,,,,,,,,,,,,,,,,,,,,,1484.39,1099.21,7884.6,524.61,,,,,,,,,6030.77,166.56,,,,,,,468.1,166.55,,,,,,,,,,,,,,,,,,,,
60,60,61,53,2,Nandos_Menu_NewFunctional_Subset2_2,05/26/2025 2:58:25 PM,002_Resp_053.csv,9798.9512,Item_09,4.0,33.0,9543.1009,Item_17,4.0,25.0,8146.4071,Item_65,3,23.0,11831.4124,Item_10,3.0,35.0,3571.8408,Item_30,4.0,9.0,0.0,1.0,0.0,1.0,0.0,45895.0874,Item_26,4,81,74337.1858,Item_21,4,179,,,,,,7749.43,29378.91,17.0,22468.35,24299.21,5.0,8182.45,12524.36,8.0,22468.35,5279.54,2.0,,,,,,,10072.09,166.55,11820.83,171.93,,,,,4319.75,405.2633333333333,8916.47,316.44,,,,,,,,,,,,,,,,,,,,,,,,,,,,,,,,,,,,,,,,,10448.71,149.89,,,,,,,8916.47,316.44,,,,,,,,,,,,,,,,,,,,
61,61,62,28,1,Nandos_Menu_Current_Subset1_2 (1),05/26/2025 3:45:51 PM,009_Resp_028.csv,5766.2114,Item_06,3.0,10.0,16982.037,Item_06,4.0,50.0,38292.0716,Item_16,3,101.0,4224.4561,Item_47,3.0,10.0,6365.9202,Item_30,4.0,20.0,0.0,0.0,0.0,1.0,0.0,67549.1258,InfoNon-Alc_09,3,166,176361.854,Item_20,4,476,,,,,,3681.95,32377.46,19.0,3418.25,13921.970000000001,14.0,7379.3,6728.459999999999,4.0,8131.52,2015.24,1.0,,,,,131.44,283.12,,,,,6493.53,399.71,,,,,,,3800.43,188.74666666666667,10961.94,199.85,,,,,,,,,,,,,,,,,,,,,,,,,,,,,,,,,,,,,,,,,,,,,,,,,,,,,,,,,,,,,,,,,,
62,62,63,85,3,Nandos_Menu_NewUnique_Subset3_2,05/26/2025 4:05:23 PM,005_Resp_085.csv,7600.6083,Item_08,3.0,25.0,23143.3786,Item_17,4.0,67.0,6823.7001,,3,25.0,8378.0944,Item_10,3.0,23.0,5934.9899,Item_30,3.0,15.0,0.0,1.0,0.0,0.0,0.0,29894.6844,Item_115,3,74,65318.2084,Item_20,3,167,,,,,,901.63,40371.04,20.0,8296.43,8277.380000000001,5.0,5415.05,10225.98,6.0,8296.43,2514.86,1.0,5890.86,366.4,4858.27,283.13,4125.46,149.89,,,5224.68,266.47,6290.57,732.8050000000001,51.97,2198.3450000000003,11077.38,924.86,,,,,,,1734.1,1027.04,,,,,,,,,,,,,,,,,,,,,,,,,7872.77,183.19,8289.13,433.02,4125.46,149.89,,,,,,,,,,,,,,,,,,,,,,,,,,,,,,,,,,
63,63,64,50,2,Nandos_Menu_NewFunctional_Subset2_2 (1),05/26/2025 4:36:35 PM,011_Resp_050.csv,23949.5074,Item_65,3.0,57.0,34725.1366,Item_17,4.0,85.0,32269.0017,Item_61,4,84.0,5698.0435,Item_47,3.0,14.0,7017.1749,Item_46,4.0,20.0,0.0,1.0,0.0,0.0,0.0,35438.794,Item_116,3,83,56548.5102,Perimeter_00,3,145,,,,,,6427.92,12907.44,14.0,24951.8,2148.41,4.0,17586.57,3747.3100000000004,5.0,36260.34,732.79,1.0,7141.64,433.0,5459.51,349.73,1912.06,582.91,,,6542.06,383.04499999999996,7607.95,233.18,,,5620.34,1311.5700000000002,,,,,,,,,,,,,,,,,,,,,,,,,,,,,,,,,3544.23,183.19,4027.19,416.37,1912.06,582.91,,,,,4271.3,782.0533333333333,,,,,,,,,,,,,,,,,,,,,,,,,,,,
64,64,65,79,3,Nandos_Menu_NewUnique_Subset3_2,05/26/2025 9:26:04 AM,008_Resp_079.csv,36071.239,Item_06,4.0,86.0,27278.078,,3.0,36.0,41077.1654,,3,36.0,17695.465,Item_10,3.0,46.0,65605.1672,Item_30,3.0,93.0,0.0,0.0,0.0,0.0,1.0,69345.8141,Item_18,4,112,183728.0731,Item_40,3,370,,,,,,10195.86,26680.820000000007,14.0,2318.57,11358.130000000001,4.0,,0.0,0.0,2318.57,9393.050000000001,3.0,,,,,5764.37,899.34,10527.6,799.49,,,,,0.0,563.51,,,1293.54,199.83,,,,,,,,,,,,,,,,,,,,,,,,,,,,,,,8995.37,965.975,7996.1,965.96,5764.37,899.34,,,,,,,,,,,,,,,,,,,,,,,,,,,,,,,,,,
65,65,66,74,3,Nandos_Menu_NewUnique_Subset3_2 (1),05/26/2025 9:51:22 AM,007_Resp_074.csv,23354.3206,Item_09,3.0,74.0,12104.0871,Item_15,4.0,25.0,15675.7938,,3,41.0,10348.1598,Item_10,3.0,26.0,16205.5723,Item_46,3.0,31.0,0.0,1.0,0.0,1.0,0.0,13820.1862,Item_30,4,27,79715.0652,Item_01,4,220,,,,,,5969.52,12945.48,13.0,9655.28,10675.64,3.0,38679.33,6516.740000000001,6.0,,0.0,0.0,,,,,,,6710.17,216.5,,,,,,,5151.81,224.84,,,,,,,288.63,183.2,,,,,,,,,,,,,,,,,,,,,,,,,7293.09,488.5333333333333,9308.3,1998.58,,,,,,,11347.35,166.54,1670.98,149.88,,,,,,,,,,,,,,,,,,,,,,,,,,
66,66,67,51,2,Nandos_Menu_NewFunctional_Subset2_2,05/26/2025 10:30:14 AM,003_Resp_051.csv,42686.1188,Item_32,4.0,93.0,24054.0744,Item_40,3.0,28.0,20731.3161,Item_42,3,37.0,18880.1301,Item_48,4.0,33.0,12475.673,Item_47,3.0,18.0,0.0,1.0,0.0,1.0,0.0,83665.3141,Item_70,4,179,198122.8014,Item_55,4,458,,,,,,5338.97,50014.009999999995,19.0,63380.58,2265.0,2.0,7437.46,21534.489999999998,6.0,,,,10598.77,283.11,8550.24,649.52,,,,,9899.26,499.65,1455.33,1498.93,3719.1,2081.84,,,,,,,,,3552.56,316.43,,,,,,,,,,,,,,,,,,,,,,,,,,,,,,,,,,,,,,,,,,,,,,,,,,,,,,,,,,,,,,,,
67,67,68,54,2,Nandos_Menu_NewFunctional_Subset2_2 (1),05/26/2025 10:43:35 AM,008_Resp_054.csv,3428.728,Item_09,4.0,8.0,26525.8169,Item_17,4.0,75.0,5697.8609,Item_79,3,21.0,4061.7495,Item_47,4.0,12.0,25733.5968,Item_30,4.0,72.0,0.0,0.0,0.0,0.0,1.0,19375.0348,Item_48,4,39,37807.724,Item_114,4,87,,,,,,3283.81,14805.980000000001,11.0,5447.15,3935.22,3.0,6131.78,3863.88,3.0,24749.93,1548.89,1.0,,,8577.05,116.58,,,,,1348.92,149.89,9143.31,149.89,7447.95,366.4,,,5732.53,965.97,1735.4,424.695,,,8613.78,599.57,,,,,,,,,,,,,,,,,,,,,,,,,,,,,,,,,,,9912.86,466.32,,,,,,,,,,,,,,,,,,,,,,,,,,,,
68,68,69,56,2,Nandos_Menu_NewFunctional_Subset2_2 (1),05/26/2025 11:30:21 AM,009_Resp_056.csv,3657.8509,Item_65,4.0,11.0,10779.364,Item_17,4.0,19.0,124432.3677,Item_61,3,287.0,3786.1909,Item_10,4.0,11.0,2331.0781,Item_30,4.0,5.0,0.0,1.0,0.0,1.0,0.0,73122.8345,Item_26,4,146,148351.998,Item_31,3,343,,,,,,7471.7,53345.03,15.0,2142.57,22973.989999999998,5.0,12118.37,10309.279999999999,3.0,8854.42,3154.95,1.0,10332.87,166.54,,,10899.13,1090.35,,,,,,,,,,,9220.02,574.585,,,,,,,,,,,,,,,,,,,,,,,,,,,,,,,,,,,10899.13,1090.35,,,,,6971.62,549.6166666666667,,,9220.02,574.585,,,,,,,,,,,,,,,,,,,,,,,,
69,69,70,81,3,Nandos_Menu_NewUnique_Subset3_2,05/26/2025 11:31:52 AM,007_Resp_081.csv,104158.9789,,3.0,237.0,99299.4227,Item_69,4.0,174.0,16016.8656,,3,35.0,16854.1425,Item_47,4.0,38.0,18895.3332,Item_46,4.0,50.0,0.0,1.0,1.0,1.0,1.0,0.0,0,0,0,54462.6851,Item_81,3,113,,,,,,10196.94,71165.64,19.0,40288.54,23832.79,5.0,10196.94,42635.89,12.0,40288.54,17304.16,3.0,,,,,,,,,,,,,678.36,3614.9,,,,,,,,,,,,,,,,,,,,,,,,,,,,,,,,,,,,,,,,,,,,,,,,,,,,,,,,,,,,,,,,,,,,,,,,,,
70,70,71,89,3,Nandos_Menu_NewUnique_Subset3_2,05/27/2025 1:08:11 PM,003_Resp_089.csv,25304.2075,Item_41,4.0,83.0,14469.2636,Item_15,4.0,37.0,23289.7837,Item_114,4,62.0,10067.8384,Item_10,4.0,23.0,16942.4283,,3.0,37.0,0.0,0.0,0.0,1.0,1.0,50083.1952,Item_26,4,101,93908.7859,Item_09,4,247,,,,,,1434.84,39937.99,17.0,41557.08,4230.33,4.0,1434.84,17487.45,8.0,41557.08,4230.33,4.0,,,,,,,,,,,,,,,,,,,,,,,,,,,,,,,,,,,,,,,,,,,,,,,,,,,,,,,,,,,,,,,,,,,,,,,,,,,,,,,,,,,,,,,,
71,71,72,64,2,Nandos_Menu_NewFunctional_Subset2_2 (1),05/27/2025 1:10:16 PM,014_Resp_064.csv,50166.3021,Item_09,4.0,132.0,14048.5372,Item_17,4.0,41.0,13180.0611,Item_61,3,35.0,5261.0339,Item_10,4.0,16.0,4441.9822,Item_30,3.0,8.0,,,,,,34341.5267,Visual_19,3,76,93254.236,Iterm_53,4,241,,,,,,2340.57,29611.94,15.0,21644.59,18453.53,4.0,,,,,,,,,,,,,,,,,,,1642.59,166.56,,,4923.57,965.97,,,,,1642.59,166.56,,,,,,,,,,,,,,,,,,,,,,,,,8361.22,499.635,,,,,,,,,7638.28,458.005,,,,,,,,,,,,,,,,,,,,,,,,,,,,
72,72,73,9,1,Nandos_Menu_Current_Subset1_2,05/27/2025 2:09:54 PM,004_Resp_009.csv,7939.2467,Item_17,3.0,23.0,14594.8474,Item_17,4.0,38.0,41772.1961,Item_78,3,99.0,6894.2265,Item_10,4.0,18.0,4643.4146,Item_30,3.0,10.0,0.0,1.0,0.0,1.0,0.0,89067.9547,Item_106,4,169,106092.5167,Item_15,4,285,,,,,,1075.27,24649.160000000003,13.0,888.97,74187.28,17.0,1075.27,14040.09,6.0,17693.58,3447.55,1.0,11072.24,482.99,,,10855.73,183.2,,,,,,,,,,,,,,,,,,,,,,,,,,,,,,,,,,,,,,,,,,,,,,,,,10855.73,183.2,,,6868.15,116.58,,,,,,,,,,,,,,,,,,,,,,,,,,,,
73,73,74,66,2,Nandos_Menu_NewFunctional_Subset2_2 (1),05/27/2025 2:31:05 PM,015_Resp_066.csv,53522.7426,Item_09,3.0,153.0,12938.7477,Item_15,4.0,35.0,8868.0204,,4,30.0,10577.1018,Item_47,3.0,26.0,7707.9418,Item_46,3.0,17.0,,,,,,31955.7833,Heading_23,4,69,112394.3297,Item_32,4,240,,,,,,1458.01,12724.210000000001,16.0,6832.63,1832.02,2.0,,,,,,,,,9934.94,183.2,2023.98,308.10999999999996,4605.44,99.94,,,,,8556.27,249.8,5908.16,116.58,,,,,,,6774.35,199.7,,,,,,,,,,,,,,,,,,,,,,,,,,,,,8968.97,516.3,2023.98,99.92,,,7840.11,199.86,,,,,,,,,,,,,,,,,,,,,,,,,,,,
74,74,75,19,1,Nandos_Menu_Current_Subset1_2,05/27/2025 3:14:56 PM,003_Resp_019.csv,19885.0097,Item_74,4.0,52.0,9605.4013,Item_06,4.0,30.0,21007.7223,Item_53,4,57.0,7352.9635,Item_10,4.0,16.0,5919.7134,Item_26,4.0,12.0,0.0,0.0,0.0,0.0,0.0,20300.7231,Item_26,3,35,68459.7506,Item_69 dwelled on; Item_69 dwelled on (1),3,172,,,,,,11636.27,6878.370000000002,8.0,2262.73,12041.580000000002,9.0,23311.25,3697.34,1.0,11622.73,649.7,1.0,2993.57,383.06,2077.55,471.88000000000005,4375.91,741.1300000000001,,,,,3426.6,849.38,,,,,,,,,,,,,,,,,,,,,,,,,,,,,,,,,,,,,,,,,,,,,,,,,,,,,,,,,,,,,,,,,,,,,,,,,,,,
75,75,76,82,3,Nandos_Menu_NewUnique_Subset3_2 (1),05/27/2025 4:45:09 PM,010_Resp_082.csv,2860.3222,Item_09,4.0,9.0,12436.3384,Item_17,3.0,38.0,8455.7848,Item_60,4,28.0,3790.6519,Item_47,4.0,9.0,6098.9048,Item_46,4.0,18.0,0.0,0.0,1.0,1.0,0.0,14620.0114,Heading_27,4,25,220498.9832,Item_45,4,550,,,,,,11847.51,76644.99,19.0,9374.69,549.6,1.0,26453.66,9759.65,4.0,9374.69,549.6,1.0,,,,,7713.38,716.16,,,,,,,11454.46,199.86,7873.71,216.52,,,,,,,,,,,,,3339.14,549.63,,,,,,,,,,,,,,,,,,,,,,,,,7713.38,716.16,,,9755.7,283.13,,,,,,,,,,,,,,,,,,,,,,,,,,,,
76,76,77,29,1,Nandos_Menu_Current_Subset1_2,05/27/2025 9:00:22 AM,005_Resp_029.csv,9293.0889,Item_17,3.0,27.0,57942.6228,Item_17,3.0,159.0,56770.1522,Item_07,4,153.0,6411.9392,Item_70,4.0,20.0,4245.855,Item_46,3.0,12.0,1.0,0.0,0.0,1.0,1.0,46916.9298,Visual_14,4,116,118479.3737,InfoAddDrink_03,4,273,,,,,,1718.8,25565.11,15.0,1342.02,22583.730000000003,16.0,1718.8,9859.61,6.0,3573.74,4580.01,3.0,,,,,,,,,,,,,,,3074.75,216.505,3557.72,283.14,6072.6,699.48,,,1359.31,149.9,,,,,,,,,,,,,,,,,,,,,,,,,,,,,,,,,,,10702.59,433.02,8437.54,832.73,3557.72,283.14,,,,,,,,,,,,,,,,,,,,,,,,
77,77,78,60,2,Nandos_Menu_NewFunctional_Subset2_2 (1),05/27/2025 9:07:54 AM,012_Resp_060.csv,4671.3624,Item_65,3.0,15.0,43150.9045,Item_15,3.0,102.0,7910.5097,Item_61,3,16.0,4494.2422,Item_47,3.0,14.0,6915.5217,Item_30,4.0,21.0,0.0,1.0,0.0,1.0,0.0,36201.445,Item_13,4,82,95908.7164,Item_06,4,257,,,,,,8800.6,45483.99,15.0,20254.34,5462.73,2.0,8800.6,10475.810000000001,5.0,20254.34,3064.46,1.0,,,,,,,2778.18,266.475,10389.38,99.93,10156.21,166.55,9723.25,183.19,,,11738.46,249.8,,,,,729.71,333.08500000000004,,,,,,,,,,,,,,,,,,,,,,,,,,,,,,,,,,,,,,,,,,,,,,,,,,,,,,,,,,,,,,,,
78,78,79,55,2,Nandos_Menu_NewFunctional_Subset2_2,05/27/2025 10:00:30 AM,001_Resp_055.csv,43144.6432,Item_65,4.0,110.0,9409.4447,Item_17,3.0,28.0,7284.7228,Item_32,4,23.0,9949.9798,Item_10,4.0,29.0,5636.2945,Item_30,3.0,15.0,0.0,1.0,0.0,1.0,0.0,31816.932,Item_26,4,66,71313.1848,Item_42,4,176,,,,,,24847.65,14989.2,11.0,20552.45,8943.62,3.0,24847.65,10209.29,7.0,,0.0,0.0,,,10890.13,402.89000000000004,,,,,,,,,,,,,863.56,291.46000000000004,,,,,,,,,,,,,,,,,,,,,,,,,,,,,,,,,,,,,,,,,11089.6,183.2,,,,,,,1946.11,133.24,,,,,,,,,,,,,,,,,,,,
79,79,80,62,2,Nandos_Menu_NewFunctional_Subset2_2 (1),05/27/2025 10:22:15 AM,013_Resp_062.csv,6704.1648,Item_65,3.0,23.0,11339.9622,Item_17,4.0,30.0,25651.2211,,3,82.0,2898.7086,Item_10,3.0,7.0,2331.3582,Item_30,4.0,11.0,0.0,1.0,0.0,1.0,1.0,28950.4661,Item_30,3,81,52076.1123,Item_37,3,167,,,,,,25356.19,7644.49,9.0,13852.17,4963.18,4.0,25356.19,5429.42,5.0,13852.17,4963.18,4.0,,,,,,,,,,,,,,,,,,,,,,,2315.0,116.58,,,,,,,,,,,,,,,,,,,,,,,5592.37,374.08,,,,,,,,,,,8410.61,174.87,,,,,,,,,,,,,,,,,,,,,,,,,,,,
80,80,81,78,3,Nandos_Menu_NewUnique_Subset3_2 (1),05/27/2025 11:12:07 AM,009_Resp_078.csv,14621.9697,Item_09,4.0,50.0,8147.4604,Item_17,4.0,15.0,4249.4794,Item_61,3,9.0,7306.4678,Item_10,3.0,25.0,4910.6942,,4.0,11.0,0.0,1.0,1.0,1.0,0.0,48819.2501,Item_26,4,87,97443.9268,Heading_22,3,217,,,,,,3373.05,33398.4,19.0,38183.39,17121.01,5.0,10268.09,15772.009999999998,8.0,38183.39,2681.41,1.0,,,,,,,4561.32,283.13,,,,,,,2934.75,327.5333333333333,,,,,,,6648.74,416.37,,,,,,,,,,,,,,,,,,,,,,,,,6693.12,2945.1133333333332,,,,,,,,,11578.53,166.54,,,,,,,,,,,,,,,,,,,,,,,,,,,,
81,81,82,22,1,Nandos_Menu_Current_Subset1_2,05/28/2025 9:19:24 AM,002_Resp_022.csv,15351.2,Item _72,3.0,37.0,74621.3246,,4.0,194.0,12034.5724,,3,40.0,7407.2342,Item_47,4.0,23.0,3395.9842,,4.0,10.0,0.0,1.0,0.0,1.0,0.0,85931.8247,Item_91,4,191,223741.0799,Item_11 dwelled on; Item_11 dwelled on (1),3,443,,,,,,6943.73,36756.869999999995,13.0,10639.98,26048.03,16.0,6943.73,29095.72,9.0,15786.27,3763.95,1.0,,,3179.44,199.86,,,,,6327.17,283.13,,,,,7967.0,241.5,,,,,,,,,,,,,,,,,,,,,,,,,,,,,,,,,,,,,,,,,,,,,,,,,,,,,,,,,,,,,,,,,,,,,,,,
82,82,83,57,2,Nandos_Menu_NewFunctional_Subset2_2 (1),05/28/2025 9:47:05 AM,016_Resp_057.csv,4507.6482,Item_09,4.0,10.0,22978.0816,Item_17,3.0,57.0,6108.0874,,4,16.0,8943.9368,Item_47,4.0,20.0,3000.609,Item_30,4.0,5.0,0.0,0.0,0.0,1.0,1.0,35542.0217,Item_30,4,50,126392.4468,Item_24,4,249,,,,,,3546.18,2631.41,7.0,23660.29,15139.089999999998,5.0,,0.0,0.0,29306.24,6878.37,2.0,,,,,,,10221.47,416.37,,,,,,,2348.19,674.5150000000001,5112.87,5429.44,,,,,1032.47,249.82,,,,,,,,,,,,,,,,,,,,,,,,,8872.44,1207.46,,,,,,,,,,,,,,,,,,,,,,,,,,,,,,,,,,,,,,
83,83,84,88,3,Nandos_Menu_NewUnique_Subset3_2,05/28/2025 10:17:14 AM,002_Resp_088.csv,,,,,33177.52,Item_17,4.0,70.0,19903.6326,Item_32,4,53.0,8958.5597,Item_10,4.0,16.0,10871.3196,Item_46,3.0,23.0,0.0,1.0,0.0,1.0,1.0,49575.1936,Item_46,3,126,141254.3384,Item_17,4,320,,,,,,5986.77,25647.989999999998,17.0,2700.15,8094.200000000001,5.0,5986.77,14605.92,7.0,2700.15,6245.52,4.0,,,,,,,,,,,,,1312.36,1215.79,,,9439.87,116.58,,,,,,,,,,,,,,,,,,,,,,,,,,,,,,,,,,,,,,,,,,,,,,,,,9439.87,116.58,,,,,,,,,,,,,,,,,,,,
84,84,85,84,3,Nandos_Menu_NewUnique_Subset3_2 (1),05/28/2025 10:32:28 AM,011_Resp_084.csv,52888.4756,Item_09,4.0,121.0,64556.6685,Item_17,4.0,176.0,13553.764,,3,31.0,10100.7097,Item_10,4.0,30.0,5880.0118,Item_46,4.0,14.0,0.0,1.0,0.0,1.0,0.0,11802.4023,Item_38,4,23,106894.1044,Item_35,4,268,,,,,,5552.17,32293.45,19.0,15743.69,149.89,1.0,39777.56,9493.11,7.0,,0.0,0.0,3293.93,588.4733333333334,2711.02,199.87,9306.28,133.24,5742.18,166.54,3943.47,516.3,4543.03,816.09,,,,,4785.97,624.56,,,,,3420.29,782.76,,,,,2248.41,166.56,,,,,,,,,,,,,,,,,2215.69,682.84,,,5975.36,832.72,,,,,,,8533.27,541.28,,,7817.12,483.0,,,,,,,,,,,,,,,,,,,,,,,,
85,85,86,90,3,Nandos_Menu_NewUnique_Subset3_2,05/28/2025 11:13:30 AM,001_Resp_090.csv,30995.0243,Item_41,4.0,99.0,16686.2631,Item_17,4.0,51.0,88900.4467,Item_23,4,237.0,6532.6772,Item_10,4.0,16.0,13380.9345,Item_30,4.0,38.0,0.0,0.0,0.0,1.0,1.0,30082.4977,Item_26,4,68,46235.9133,Item_17,3,115,,,,,,2340.67,17304.61,12.0,8719.42,12952.39,5.0,18362.52,3980.6499999999996,3.0,8719.42,7273.47,4.0,,,,,4465.04,199.86,2966.12,366.4,4231.88,166.55,11759.81,133.24,670.41,541.285,,,,,,,,,7332.31,266.48,,,,,,,,,,,,,,,,,,,,,,,,,,,,,4465.04,199.86,,,,,10596.64,1340.9,,,,,,,,,,,,,,,,,,,,,,,,,,,,
86,86,87,86,3,Nandos_Menu_NewUnique_Subset3_2 (1),05/28/2025 11:21:26 AM,012_Resp_086.csv,11122.7346,Item_09,4.0,30.0,12387.9773,Item_15,3.0,42.0,11873.4397,,4,38.0,10646.7551,Item_70,4.0,38.0,3332.4586,Item_46,4.0,12.0,0.0,1.0,0.0,0.0,0.0,31919.3646,Item_13,4,75,49548.6573,Item_83,4,137,,,,,,5483.49,19517.869999999995,13.0,2812.54,7661.1900000000005,4.0,13359.21,9225.24,6.0,,,,,,6618.55,349.76,6268.8,482.99,2954.53,133.24,7984.24,166.54,,,,,,,,,,,,,,,,,,,,,,,,,,,,,,,,,,,,,,,,,,,6268.8,482.99,,,,,,,,,,,,,,,,,,,,,,,,,,,,,,,,,,
87,87,88,87,3,Nandos_Menu_NewUnique_Subset3_2,05/28/2025 12:07:04 PM,004_Resp_087.csv,39016.3303,Item_09,4.0,94.0,27744.4205,Item_17,4.0,82.0,28468.9338,Item_61,3,73.0,7824.09,Item_10,4.0,13.0,6000.9591,Item_30,4.0,13.0,0.0,0.0,0.0,1.0,0.0,39373.5889,Item_92,4,87,80169.4543,Item_51,4,195,,,,,,2933.85,26830.65,16.0,13883.13,4679.99,3.0,29481.51,3930.5200000000004,4.0,13883.13,1865.33,1.0,,,,,,,,,,,,,277.63,932.66,,,6822.93,149.895,,,,,,,,,,,,,,,,,,,,,,,,,,,,,,,,,,,,,,,,,,,,,6989.47,166.55,,,,,,,,,,,,,,,,,,,,,,,,
88,88,89,80,3,Nandos_Menu_NewUnique_Subset3_2 (1),05/28/2025 12:23:44 PM,013_Resp_080.csv,16487.1946,Item_65,3.0,37.0,11221.0269,Item_15,3.0,23.0,8122.6509,,3,24.0,6836.0324,Item_10,4.0,8.0,3983.2009,Item_46,3.0,12.0,0.0,0.0,0.0,1.0,0.0,65642.582,Item_120,4,86,134325.4071,Item_03,3,175,,,,,,5914.79,63254.59999999999,18.0,4444.25,24299.190000000002,5.0,5914.79,22034.230000000003,5.0,22729.27,1765.41,1.0,,,,,,,,,,,,,,,,,11796.81,190.27,,,,,,,,,,,,,,,,,,,,,,,,,,,,,,,,,,,,,,,,,,,,,,,,,,,,,,,,,,,,,,,,,,,,,,
89,89,90,30,1,Nandos_Menu_Current_Subset1_2,05/28/2025 12:54:30 PM,001_Resp_030.csv,4639.1478,Item_17,4.0,11.0,48634.9793,,3.0,128.0,35167.3536,Item_23,3,82.0,4152.259,Item_70,4.0,13.0,2377.8544,Item_104,4.0,3.0,0.0,1.0,0.0,0.0,0.0,36220.9461,Item_70,4,73,47650.7115,Item_55,4,136,,,,,,1416.17,7711.139999999999,12.0,2001.58,20238.43,14.0,1416.17,5729.219999999999,6.0,2001.58,4149.9400000000005,3.0,5292.76,799.43,,,1295.63,541.275,,,4293.48,549.62,6158.8,616.225,10893.75,632.88,5297.77,616.22,,,,,6113.85,649.53,,,,,,,,,,,,,,,,,,,,,,,,,,,,,,,1295.63,499.64,2261.61,582.91,,,,,,,,,,,,,,,,,,,,,,,,,,,,,,,,
